par_id,rmse,nse,r,re,mae,nmae
p0001,1.86100127910446,0.745697170688106,0.965502995233889,-0.174112548328151,1.60936193994581,0.175582502640572
p0002,1.81239584566395,0.758807407933652,0.92175571934094,-0.104267536237383,1.45298767904591,0.163136197005849
p0003,1.40453006593572,0.855149523086577,0.968199747414601,-0.124958472257214,1.25732893082004,0.144186189261695
p0004,1.5409988394444,0.825633732106534,0.944389007462811,-0.0975735801843653,1.30427139596006,0.147768392945786
p0005,1.53887508213472,0.826114013402616,0.945472755213998,-0.0885325243574032,1.2201204957776,0.141250499100614
p0006,3.34477668226098,0.178529252929304,0.857371915786825,-0.268558406539111,2.74820355849932,0.26862579046327
p0007,1.81369947702817,0.758460310129586,0.922315772734223,-0.0969351422739026,1.41640399092654,0.160301975823603
p0008,1.71740965371947,0.783426333829182,0.93064452009612,-0.107919358825192,1.428217522815,0.16023942655057
p0009,1.5490785429371,0.823800478164744,0.944450573676151,-0.0923183804880318,1.25125725435438,0.143932685153794
p0010,1.74722496823848,0.775841349553505,0.926863714835722,-0.085979661260944,1.36730439784287,0.154203700220976
p0011,1.58927888170302,0.814536661210747,0.948229395512754,-0.121099113874826,1.35212178024821,0.154276211441495
p0012,1.69540069895222,0.788941637406463,0.930358932956426,-0.0753318716050992,1.32763331857266,0.148882020990932
p0013,2.49833427665813,0.541690413314294,0.946317261541727,-0.222724898685405,2.16876107584984,0.222731586435736
p0014,1.85899071771727,0.746246353823239,0.977250272940526,-0.17547215313403,1.66296521525795,0.175486487480686
p0015,1.82358709299306,0.755819562139433,0.92448034155338,-0.0678615538246502,1.32730919920757,0.150293117758347
p0016,1.65997803952833,0.79766895058078,0.932368072248592,-0.0742444375577799,1.32526710064231,0.147922543746956
p0017,2.60084256921619,0.503309357044924,0.939656023734149,-0.227032378869177,2.24264737062387,0.227039257374366
p0018,2.26033726080669,0.624850529903969,0.95082977386652,-0.199823915206465,1.93491311739395,0.199844625860528
p0019,1.52824703362558,0.828507563073013,0.988193994715777,-0.154789579060797,1.40938025759678,0.15490561447544
p0020,1.72559619069893,0.781356688933974,0.931615861295572,-0.0696059881853639,1.28258213791518,0.146005857198909
p0021,2.08457612586755,0.680924566474983,0.975023091897626,-0.196042397831645,1.87779074948459,0.196053198411833
p0022,1.79122026947156,0.764410549633094,0.981339148842289,-0.174889965782353,1.62576055150106,0.174955639312703
p0023,2.72085735438148,0.456412581516391,0.930167423423302,-0.237350475577548,2.33533325697728,0.237356960412589
p0024,3.26791793126372,0.215848222011289,0.860927528951475,-0.261533208577811,2.67244418331889,0.261639646625669
p0025,1.77775456225577,0.767939377720604,0.925980265504608,-0.093664251317399,1.37425360722275,0.156452857628588
p0026,1.5520140355895,0.823132051789726,0.943106205761328,-0.0966351025036915,1.31502493875808,0.148600525723362
p0027,1.58329800504492,0.815929929815067,0.947004621898788,-0.118408343337782,1.37235702552862,0.155299538092804
p0028,1.8209501081362,0.756525242242031,0.980044522660848,-0.174656630557636,1.64357716016432,0.174665956650893
p0029,1.9550322170795,0.719349586840593,0.971196577646121,-0.18140504549851,1.72549889934067,0.181416408329026
p0030,1.43390890380688,0.849026413641957,0.982754258558117,-0.143844005312593,1.30736466799982,0.147817909648118
p0031,2.77057062515947,0.436367146823856,0.926577055207092,-0.239604442148214,2.37217639472281,0.23961102052472
p0032,2.09159768777183,0.678771437012378,0.971314415655385,-0.194676740810258,1.86603121212893,0.194684733755421
p0033,2.01672493281261,0.701357794773625,0.977590666125511,-0.191831292777087,1.82527026449205,0.191840973573159
p0034,1.97218944747072,0.714402033936614,0.972714219427341,-0.186697011718878,1.75705262347799,0.186753492607628
p0035,1.6335660410954,0.804056328196888,0.935781658147845,-0.0929909508160028,1.34659509577333,0.151646691870624
p0036,1.59616671347321,0.812925605450072,0.941283362817112,-0.105264956315328,1.35454822715984,0.153018935334569
p0037,1.60299394263771,0.81132184913442,0.962410994882591,-0.144631482371027,1.40783336660667,0.15901508213679
p0038,1.5912714257698,0.814071323709925,0.982903311955147,-0.15640111240114,1.43366320190356,0.156675555924791
p0039,1.49641984844939,0.835576166727029,0.974808692567207,-0.142531722973118,1.30527771021415,0.147405605806137
p0040,1.6899117035432,0.790306061779324,0.934655471627766,-0.101068247601642,1.30716775974432,0.150650308109866
p0041,1.39797926132232,0.856497553099872,0.97036062300403,-0.126563437161929,1.22993663458701,0.141513569198251
p0042,1.6131125301881,0.808932342940212,0.955460912756963,-0.13714271639737,1.34753406050767,0.154630269729838
p0043,2.27025814241381,0.621550154090735,0.958110465776202,-0.20338319519505,1.97957057599903,0.203391950765755
p0044,1.51640653751356,0.831154634333698,0.945958582996414,-0.0927468065413468,1.26366137417174,0.143927396924534
p0045,1.48082643968732,0.838985062122755,0.966650207071564,-0.133738579203232,1.32888999555299,0.151201694766033
p0046,1.75049096480264,0.775002550160201,0.930807148547587,-0.112003165826311,1.39780687399986,0.159667557009999
p0047,2.1357959812244,0.665052007822054,0.960051599767061,-0.195278456104509,1.85576158197554,0.195289589192661
p0048,1.47444907023425,0.840368938834179,0.957151989586086,-0.115134108180402,1.20917544718889,0.141280086550394
p0049,1.7017408209254,0.787360137752749,0.934196493289108,-0.105020502444633,1.32881865939771,0.152915168395687
p0050,1.50105366109643,0.834556280626627,0.947596280693379,-0.094358389010046,1.2538536479105,0.143171416359892
p0051,1.54387896162929,0.824981342961078,0.953026913610911,-0.122897573300179,1.3557439428574,0.153807987395355
p0052,1.94453792894553,0.72235446986218,0.967654759310387,-0.179042099420092,1.69440938804972,0.179056540910888
p0053,1.43173577433709,0.84948367635599,0.97664142658254,-0.138372593580774,1.2936668396208,0.147187999297035
p0054,1.63068502127577,0.804746866302289,0.96657428899158,-0.151812587783219,1.41710027400628,0.159772684710949
p0055,1.63578624532487,0.803523346255277,0.982422173037167,-0.162558586766909,1.48547070667527,0.163450809925636
p0056,1.75798360526554,0.773072311209198,0.928128186889939,-0.0732217112358773,1.32211088101893,0.149860295524007
p0057,3.37166745295171,0.165267513060386,0.863488101572425,-0.274598422678647,2.80157777582509,0.274620469553108
p0058,1.46534111150197,0.842334991910777,0.973211151015238,-0.139162101526185,1.32392384570671,0.150486461921125
p0059,2.49013954579446,0.544692064628227,0.948713381718917,-0.220241945552634,2.16475953742776,0.220248969701122
p0060,1.29591329848266,0.876686750596772,0.977182084624092,-0.122358558538827,1.17165289187408,0.135343360587602
p0061,1.73026882891269,0.780170983591973,0.929705877374658,-0.107208427702794,1.42191796042817,0.159960684880134
p0062,1.96193700036586,0.717363683713395,0.962244261669469,-0.181480508033684,1.68883404601993,0.182085042147804
p0063,1.51551647410197,0.831352785652261,0.956520102252959,-0.122839470477011,1.28960523553637,0.148865340775054
p0064,1.67387919817146,0.794265998394788,0.973511955668274,-0.160524442156189,1.47737722146033,0.163330243938664
p0065,1.69424877580205,0.789228342986213,0.931756119997056,-0.10194378892977,1.39823807879387,0.157190767492358
p0066,1.41414215414419,0.853160131982285,0.956918624852956,-0.102533994833193,1.20973825829354,0.139473007696655
p0067,1.64545844223091,0.801192993882504,0.98105581834257,-0.162294898365305,1.48575964553949,0.163256292795353
p0068,2.14509012208448,0.662130542253155,0.965760743431609,-0.195623160262355,1.88964243069596,0.195632587604633
p0069,1.83195882110334,0.753572447613596,0.921513662463506,-0.0890076427917909,1.37378871546272,0.156271892694773
p0070,1.67654616076078,0.793609891321744,0.984282781910711,-0.164320655747579,1.52674925788944,0.164331227788943
p0071,1.38318024026498,0.859519708092889,0.962835927650635,-0.111987221262199,1.2261249268962,0.14096101239111
p0072,1.76438259680052,0.771417288757256,0.983988122803784,-0.173829774597277,1.61480322082434,0.173843107482787
p0073,2.37454719401147,0.585981774170184,0.955144656202608,-0.211927218202997,2.07319002065297,0.211934793779416
p0074,1.69963459726372,0.787886175494776,0.961517826130153,-0.153714893620814,1.41912070228115,0.158883742311072
p0075,1.55742866629918,0.821895793407405,0.94580182822084,-0.10936083231173,1.348608814243,0.152421919859825
p0076,1.41688187139622,0.852590614384195,0.957726499040375,-0.106987373515791,1.24430569182718,0.142460360837153
p0077,1.68830647992698,0.790704243285007,0.943420799795139,-0.131504200934379,1.42881758861959,0.162323481813149
p0078,1.79398395438597,0.763683003936617,0.925863773258304,-0.109516958844428,1.42803108945093,0.16220118678543
p0079,1.71196598631174,0.784797103511956,0.957075107016692,-0.152413285376875,1.43432146205041,0.162041051568939
p0080,3.16471511787648,0.264594129859107,0.871286846069081,-0.254590449247371,2.59175584535016,0.254667958929953
p0081,1.68725948214866,0.790963750960701,0.933864302526078,-0.090000950572439,1.3057020880963,0.149831661821791
p0082,2.82544026790281,0.413821197188221,0.92577281556117,-0.242645835197071,2.42324386750753,0.242652684225567
p0083,1.75967179475383,0.772636265183023,0.972810064715631,-0.168161363522443,1.55140546356025,0.169628996130361
p0084,1.53218204043091,0.827623291516574,0.947339033581733,-0.102658227652207,1.27326253853092,0.146174689793303
p0085,1.42575984055911,0.850737536788071,0.979954523643595,-0.140354929292662,1.28850722729458,0.146073558475273
p0086,1.71654334779708,0.783644769459,0.927369912428199,-0.0859905761445697,1.39216772961181,0.155082834459239
p0087,1.70825687901817,0.785728600920978,0.964306168647275,-0.158798767606388,1.489768631379,0.166504653434467
p0088,1.61909755544279,0.80751190122789,0.935934833207585,-0.0791273945001003,1.30830956032913,0.146872848072758
p0089,1.64949605149524,0.800216135611519,0.946216499282625,-0.128697332150508,1.38693440039367,0.158627001933576
p0090,1.58993060598938,0.814384522090773,0.939738579996087,-0.0945819200708219,1.32514565821704,0.149665276419858
p0091,2.01230522126697,0.702665326671235,0.977788115609581,-0.191081230676848,1.82116939805423,0.191093362131997
p0092,1.68407266518163,0.791752641070367,0.984859972297793,-0.166946182164966,1.54088244290256,0.167004311882391
p0093,1.71252234786843,0.784657205786512,0.92921124331892,-0.0867196459500616,1.35858641906233,0.15294414612175
p0094,2.09956359355756,0.676319962469065,0.967416362806207,-0.192302186453782,1.85192697409808,0.192310486789846
p0095,3.1892855826123,0.253130597053548,0.8860234209631,-0.264128640479829,2.67532280985473,0.264143077786844
p0096,1.89543053718336,0.736200726433614,0.980154826436183,-0.182072196647791,1.71933259667334,0.182082095642424
p0097,1.58208847989154,0.816211054833526,0.941943056097905,-0.0895357132183096,1.2555890416076,0.144592976372039
p0098,2.91107527684428,0.377750264588588,0.903291674273666,-0.241556113452482,2.42955344168443,0.241583881146462
p0099,1.32974161167211,0.87016482503445,0.963536756325852,-0.10244237855382,1.16952279192574,0.135136289127629
p0100,1.63839004386445,0.80289735641174,0.938537498905121,-0.109556063760683,1.38910812379782,0.156531016182932
p0101,1.78932090739218,0.764909910246095,0.974670666200776,-0.168900890612966,1.57753718557542,0.168991675505906
p0102,1.99086916930151,0.70896629301276,0.951608126052939,-0.179912603196718,1.67503816955997,0.183267294184017
p0103,2.24383543976171,0.630308168280443,0.952386709161851,-0.198593233906103,1.92482898976008,0.198614988242912
p0104,1.60842469079306,0.810041246369753,0.96185825964694,-0.144498771725112,1.37283295698372,0.15635130937621
p0105,1.48378977824185,0.83833999100056,0.962302289938295,-0.127953752541875,1.30872831802248,0.149467226287276
p0106,1.46021075442534,0.843437072222961,0.954588662570231,-0.108357127149903,1.267965149385,0.144991492443704
p0107,2.30211718020131,0.610853883624159,0.953760750838168,-0.20476289398109,1.99287507814555,0.204774238200413
p0108,1.55053044840476,0.823470030184631,0.957310836619575,-0.130870554949753,1.35642638928076,0.154252401249549
p0109,1.4910624505793,0.836751381089073,0.979809957172297,-0.146025712871281,1.33190879485863,0.149148757685277
p0110,1.94617799346746,0.721885928101623,0.981267633007868,-0.188062433369525,1.77676692201301,0.188073899389732
p0111,1.64179653188842,0.802076885360954,0.935084214485656,-0.0876017270028441,1.32466385512468,0.149584827673153
p0112,2.49411596943711,0.543236770442548,0.933621948837928,-0.214061240548527,2.10167622697121,0.214090527304261
p0113,1.4737823335862,0.840513274527938,0.978260879389812,-0.143019106490038,1.30877912399761,0.147234075696589
p0114,1.46740622055862,0.841890283351365,0.987693751681391,-0.14964107618917,1.3499202060363,0.150265944099324
p0115,2.02392779059777,0.699220747077457,0.970595578928849,-0.188651171573502,1.79477800764984,0.188658437120126
p0116,1.79331310615742,0.763859709192708,0.931686049392196,-0.128575282247581,1.4471450380189,0.164831823257458
p0117,1.55944212674851,0.821434985682094,0.984494748169085,-0.155306283304928,1.41575470934736,0.155735499360597
p0118,1.74013153775372,0.777657745452079,0.925756568939647,-0.0808061828699575,1.38026071964739,0.153927156166906
p0119,2.48774199727062,0.545568398931415,0.935640483518752,-0.215983441341968,2.10603964897685,0.21599050903023
p0120,1.77412613939129,0.768885689212883,0.927588614683915,-0.108842290799397,1.41729371444125,0.161124571774008
p0121,1.79146290388373,0.76434672054373,0.926069337895677,-0.0652442776957896,1.32657952853293,0.149390651405657
p0122,1.60137877474435,0.811701879716829,0.941745177596631,-0.0969784880239899,1.24428002763387,0.144458788775223
p0123,1.2864916240676,0.878473280467243,0.982311385407728,-0.127668438489062,1.17919636954008,0.135893969466461
p0124,3.21688685938278,0.240147280510783,0.866717559757108,-0.258362401963931,2.63480233447178,0.258448140748654
p0125,2.56877693288686,0.515481198605405,0.935975732208833,-0.225771915426508,2.19832188497277,0.225778354605706
p0126,2.63007891869298,0.49207988870523,0.935378001518984,-0.228121437516047,2.25622444291927,0.22812973458984
p0127,2.16720934553781,0.655126695458056,0.960432992715813,-0.198938944265308,1.89184309849475,0.198949020944771
p0128,1.28796569807334,0.878194628038123,0.983013799324654,-0.128520580550129,1.18032900226208,0.135893401807996
p0129,1.86114697695834,0.745657350374966,0.918898833404864,-0.106470752379698,1.45615281965455,0.164688481456402
p0130,1.51531627515817,0.831397339129213,0.956918354348411,-0.124659086870296,1.33568966112134,0.151967069233139
p0131,1.36252832497077,0.863683342822204,0.973964416473825,-0.12720049909371,1.23710239566424,0.142008694502697
p0132,1.70436686139753,0.786703361203235,0.968782240140476,-0.16127769858697,1.48882892716904,0.165627218972106
p0133,1.54258350159359,0.825274934048902,0.942496724244399,-0.0857660016606087,1.27957887607275,0.144587649980883
p0134,2.29459758690025,0.6133919311905,0.959073625223943,-0.207798276819447,2.01261377813525,0.207805233726503
p0135,1.79715752327272,0.762846171908584,0.923898663782496,-0.0901027012280875,1.38517287610502,0.157100685100036
p0136,2.00565863552751,0.704626258455712,0.960294137424207,-0.183849731056968,1.72056659053471,0.184184641597383
p0137,1.64369517735436,0.801618846737399,0.933681702159931,-0.0838957012649224,1.3442571564362,0.150413114377391
p0138,2.01675002275577,0.701350363951067,0.975912579960957,-0.190251403922789,1.81525979791683,0.190261142461736
p0139,1.61446167083247,0.808612607107515,0.984171193961013,-0.159984551995804,1.46741835304098,0.160215075904969
p0140,1.61854486026518,0.807643294281266,0.939114905286542,-0.101666513576416,1.33733811607508,0.151806238654287
p0141,1.54937141864854,0.823733845728522,0.949967880421378,-0.117536314612537,1.34639138020923,0.152831266797367
p0142,2.5701416947012,0.514966223242598,0.933131126145928,-0.219724665886458,2.17965340594686,0.219744340878534
p0143,1.69655436042155,0.788654303864515,0.934205923558706,-0.103487823358903,1.34560169985517,0.154331933301328
p0144,2.53390154596659,0.52854817442707,0.934196062516201,-0.217565411287046,2.14732580281543,0.217590297091956
p0145,2.28766507143073,0.61572446891166,0.962901640367157,-0.208803457058158,2.02277241229942,0.208810628884805
p0146,1.47044321518508,0.841235147438784,0.953626122378408,-0.104548471111211,1.21987136213039,0.141832608802004
p0147,1.95990739435718,0.717948150648696,0.966275170644981,-0.18204663755239,1.70698103473164,0.182206755636397
p0148,1.51140185210036,0.832267295729755,0.9465422037304,-0.0962464463123384,1.28633821891061,0.145873251466806
p0149,3.03887218904299,0.321917216148821,0.89579313577049,-0.252064393315724,2.54303311294847,0.252085810872028
p0150,1.70489865104853,0.786570236529791,0.956438896988258,-0.151773447939935,1.46708595711791,0.165639857981407
p0151,1.73598991842397,0.778714862240525,0.984776706062411,-0.171639977881052,1.59154646863976,0.171653204522765
p0152,1.5455433291469,0.824603784370768,0.964376348261146,-0.139029680230695,1.32361420379737,0.151533573005015
p0153,1.70445222250548,0.786681995271092,0.929731055771042,-0.0909448449794029,1.37260815129629,0.154279153041248
p0154,1.37285539180537,0.861609131054608,0.966701044367002,-0.11715312817235,1.20189469817045,0.139016499016617
p0155,1.69675326634343,0.788604744150082,0.932076014550641,-0.107354266455037,1.42815526780754,0.159872552822438
p0156,2.19691380196163,0.645608021411106,0.96089214225652,-0.197985257085084,1.91790794694575,0.19799604242623
p0157,1.73203170963887,0.779722810744088,0.983844927430796,-0.168722148674943,1.57850014805868,0.168734947996665
p0158,3.56272766804839,0.0679845712199747,0.85168691472009,-0.290736494097273,2.97856051082702,0.290747368480633
p0159,2.23287774539107,0.633910106857621,0.956414855132339,-0.198408759256118,1.93169486397116,0.19842469526531
p0160,1.45925916054801,0.843641064390249,0.977168269877334,-0.142020919578398,1.31960043304969,0.149643371906305
p0161,1.3717278586786,0.861836359955435,0.973961687726919,-0.128396512297785,1.24516355966495,0.142800290621575
p0162,2.82933581630831,0.41220370621168,0.917802983013284,-0.240758476868137,2.39895216185647,0.240771119995664
p0163,1.7449168332189,0.776433198568773,0.925654200706942,-0.0986452749931123,1.4400806787131,0.160359042306602
p0164,1.56468592989278,0.82023207590292,0.962929380780453,-0.140303233681057,1.38185189722073,0.156504131896721
p0165,2.03753016099902,0.695164219741639,0.959402311605482,-0.187064998948671,1.75102524635212,0.187431276540039
p0166,2.58461020451055,0.509489895655721,0.942803944501669,-0.226430215527734,2.23738737260348,0.226437227460987
p0167,1.48032879222759,0.839093265499763,0.961233356820675,-0.125552582027368,1.29265367374653,0.148089504832925
p0168,1.50783589392934,0.833057849484489,0.982603227706622,-0.150581048049836,1.36860649876718,0.152961002267085
p0169,1.79724826574472,0.762822222457718,0.924612839738626,-0.0889523717961489,1.34720951332097,0.153771913531858
p0170,1.45989242746316,0.843505326437165,0.970366025051345,-0.135495621527884,1.31867331509764,0.150115764289305
p0171,2.74553124000496,0.446508917518934,0.932126055471848,-0.239204918452524,2.3669053994663,0.239211583464639
p0172,1.81875723771816,0.757111295767621,0.922506582677737,-0.0898512821819174,1.38229914643648,0.157083173939705
p0173,1.61372421688018,0.808787411077189,0.939567412568415,-0.0984068688395068,1.31339754850612,0.149947319132822
p0174,2.00846271229582,0.703799767233898,0.972309983761791,-0.186540975142418,1.78573508048326,0.186551292900541
p0175,1.74291802255502,0.776945098911219,0.927959380929776,-0.107481618098442,1.44421347397952,0.161646046274413
p0176,1.48846544235447,0.837319551521493,0.977364965584604,-0.145452823529277,1.34598526055633,0.152163688309703
p0177,1.39270024536663,0.857579287862954,0.965283573233845,-0.117914956366304,1.21707157689796,0.140574703014268
p0178,1.60906191886046,0.809890700275237,0.939468696352316,-0.0861641624272804,1.26721576980092,0.145408394642403
p0179,1.66312921975607,0.79690004068414,0.932918474724115,-0.0846039464629647,1.33509152357238,0.150221741590681
p0180,2.26136961689454,0.624507770185454,0.952928487692621,-0.204333545447415,1.95179471150045,0.204341270467644
p0181,1.65999132604674,0.79766571163917,0.964416827981839,-0.151860100261965,1.39861128643675,0.157005011896139
p0182,2.12526331062858,0.668347451762948,0.95435174369432,-0.193905874015851,1.8184758912923,0.194386680658991
p0183,1.53807719814164,0.826294281287122,0.947287570152447,-0.105693182764623,1.29316565539128,0.147824313019273
p0184,1.33148520852195,0.869824114300402,0.987325801743489,-0.136603302005204,1.22437671657551,0.139106837938398
p0185,1.40590319821265,0.854866159851741,0.956610442066442,-0.0975808177792037,1.17771107571056,0.136652810902656
p0186,1.26091029548729,0.883258241623513,0.978235325553646,-0.119492041743155,1.1518937857869,0.13344265557408
p0187,2.59524717875038,0.505444194879622,0.93721271895962,-0.2276593622117,2.2306077740408,0.227665972230031
p0188,1.45371717841261,0.844826450754972,0.97713828814525,-0.140551658476009,1.29694163587793,0.14686543689288
p0189,1.3731364528019,0.8615524604725,0.977325804997364,-0.132111754189248,1.24023022720651,0.141958366432737
p0190,1.63905027096527,0.80273847028157,0.985942983670429,-0.161641093806361,1.5001180164822,0.161654808856315
p0191,1.57532818984484,0.817778365451638,0.962405704579635,-0.141015332556586,1.38357513184196,0.156729714848153
p0192,2.2800621145764,0.618274470975274,0.946869095030244,-0.200143122745966,1.93534378438419,0.200163485401061
p0193,1.82062415338506,0.756612399655888,0.921988947670552,-0.0915544044256073,1.39604766791559,0.15831150398189
p0194,1.60377416942536,0.811138133438571,0.980406784032306,-0.157050405338879,1.43634786971566,0.158056992498127
p0195,1.44676921356194,0.846306193753503,0.951142137841039,-0.0925468584463057,1.23601920982993,0.140795584388547
p0196,1.83473818954093,0.752824142014722,0.981346302017121,-0.176564275096643,1.66497807278986,0.176576664468779
p0197,1.45644747703153,0.84424302504951,0.971600440222639,-0.135717602134571,1.28892351836115,0.146956705281534
p0198,1.40214688189739,0.855640665972657,0.958547698347055,-0.105459076943401,1.22590110227705,0.140737593617281
p0199,1.59233414009325,0.813822899659633,0.945191676946233,-0.110719327686242,1.2753507246639,0.147919050114649
p0200,1.77090162775052,0.769725036013116,0.928572692408758,-0.109660699560314,1.38906386983531,0.158833645610205
p0201,1.60599586946734,0.810614512275619,0.945813243401266,-0.119720277744354,1.36715863544751,0.15538881924529
p0202,1.8483696457812,0.749137639478733,0.965852160766515,-0.173115830815224,1.59905214556166,0.174700846558547
p0203,1.6541969392497,0.79907578759328,0.964956311945556,-0.152724681565658,1.41728828894476,0.159665509458503
p0204,1.64724141537135,0.800761916939395,0.938858765168397,-0.107052125201679,1.34099342964239,0.153665368640228
p0205,2.30446346166423,0.610060256255171,0.943557735070514,-0.20166934876646,1.94471290602976,0.201681407908952
p0206,1.88000473116923,0.740477071508976,0.917417787521554,-0.106738502178367,1.45282837767093,0.16458325162459
p0207,1.72627397746968,0.78118489596342,0.927517884554625,-0.0912534502061738,1.39210446649892,0.155955400170655
p0208,2.31737904840252,0.60567709819504,0.950174777751713,-0.203313386467538,1.98916030176478,0.203333198007492
p0209,1.59183291993514,0.813940087411616,0.937988512535332,-0.0786536750654243,1.29468122039574,0.14541105313768
p0210,1.77452005907735,0.768783046473053,0.940007623708794,-0.140938205539606,1.45569289681674,0.165584337865494
p0211,1.71136712380227,0.784947637350193,0.928120935453063,-0.0797039792910223,1.36477066289496,0.152265378374078
p0212,1.76429534841462,0.771439894942034,0.931416391136233,-0.119425718933881,1.41896359129145,0.161966978925609
p0213,2.38519683055886,0.582259775338526,0.939319223866606,-0.206196973281172,2.01034496741918,0.20623038652227
p0214,1.77403202343337,0.768910209417297,0.924300638007537,-0.089598972845183,1.39488007050759,0.156897071597622
p0215,1.93749581787955,0.724361805641093,0.977960950440756,-0.186133186384393,1.75110554748084,0.186141383435227
p0216,2.34928691118512,0.594743520896465,0.945556289080741,-0.206728235756615,2.00450759424302,0.206742262051471
p0217,1.90941589429139,0.732293500346683,0.914846533568714,-0.110035570378608,1.47124479767806,0.166400784430857
p0218,1.32313002647715,0.871452717741763,0.979062639134196,-0.128127855025038,1.20182154794425,0.138156270830421
p0219,2.71010623309099,0.460699927197024,0.934316224499243,-0.236736303973166,2.33849704572265,0.236742986652854
p0220,3.08666928543504,0.300418929557294,0.891024042892801,-0.255245429596357,2.57827981998533,0.255267820423752
p0221,1.75078775351927,0.774926248863495,0.926088449966144,-0.0691544853708801,1.3443309907839,0.149911380249561
p0222,1.74865930836013,0.775473163746242,0.92794765890085,-0.107223129913771,1.43210160178526,0.160932721118133
p0223,1.75628185035445,0.773511437485364,0.925339765902398,-0.10350963252612,1.45597652400161,0.162163233669853
p0224,1.73934159321592,0.777859567187563,0.927122061921086,-0.0678375075204023,1.33488556982148,0.148865827124692
p0225,2.2302925503978,0.634757323762716,0.967707092774726,-0.20530501717854,1.98634247727161,0.205314685452771
p0226,1.55453165371248,0.822557769464264,0.972350663976637,-0.147918241714524,1.37871158010658,0.155248757346544
p0227,2.86502388291279,0.397281749815756,0.901148474487792,-0.23543819674756,2.36839723462841,0.235514763372873
p0228,2.48801997473315,0.545466837916631,0.941938107215978,-0.217368761049595,2.13444746362385,0.21738206058744
p0229,1.83885759502593,0.751712963693748,0.97017452825,-0.174871186772485,1.61880757168985,0.176327574810509
p0230,1.81801795357789,0.757308713288594,0.922918162302513,-0.083889861284191,1.3640247484005,0.155006333793808
p0231,3.62842424149938,0.0332949921170811,0.841677548465488,-0.294124835548258,3.02190264774218,0.294139533120842
p0232,1.69965717227372,0.787880540750088,0.931293579613651,-0.0740187034768559,1.3056586757594,0.147464042043582
p0233,2.45910274950659,0.555971138736773,0.940058521057379,-0.212137246054818,2.0919266941572,0.212159048233784
p0234,1.37986172468748,0.860192977979868,0.960327433715575,-0.105373373723498,1.21507430892902,0.139580897080463
p0235,1.68117766200733,0.792468000437325,0.952121233215596,-0.142697132818034,1.38801497877798,0.15832797886889
p0236,1.90101294243972,0.734644559623561,0.962614545341106,-0.176683880239067,1.63536666475774,0.178343458441222
p0237,1.38645857682212,0.858853001848577,0.961408171473871,-0.109177156453085,1.21789505543505,0.140186095042159
p0238,1.38995235637314,0.858140744246388,0.982263394120275,-0.138567871400121,1.26405093813555,0.143564384151012
p0239,1.48979486828959,0.837028825001547,0.953037097806883,-0.110779135954431,1.28170971041608,0.146653715247177
p0240,1.62367275836279,0.806422508685053,0.981721101062189,-0.161393237685001,1.47310407114609,0.162754239721514
p0241,3.20749145772911,0.24457932700174,0.876131740213019,-0.261690572238268,2.65904769797896,0.261720698007776
p0242,1.6995559458365,0.787905806383731,0.928956636694977,-0.0784710686710618,1.35937172746624,0.151520838255231
p0243,1.62113156343087,0.807027967129938,0.942592580457881,-0.116063451229199,1.38205436974747,0.156370948502031
p0244,1.83487960020114,0.752786038869043,0.920364326498294,-0.0970139708781998,1.42774567327572,0.161379332529107
p0245,1.69466952871907,0.789123643130319,0.929630843878337,-0.0862460662865351,1.3727326488423,0.153480119632179
p0246,1.71888155875732,0.783054946055788,0.929606243995289,-0.102146629440061,1.40954992445089,0.158362587191264
p0247,1.63564602956268,0.803557027847982,0.934505838060605,-0.0807460383075451,1.32481932729305,0.14850854545982
p0248,1.56619168668113,0.819885914397981,0.960923698685967,-0.138235435644747,1.3853596375227,0.156880934289596
p0249,2.33026947654959,0.601278052546751,0.94662642047775,-0.20223415946724,1.98450619954312,0.202262947684898
p0250,1.66467352088877,0.796522688025762,0.93213949822398,-0.081164098454954,1.3412796182207,0.150158247692964
p0251,1.7547657466821,0.773902299499339,0.926760483788737,-0.0792094700333481,1.35035819671426,0.152366553392449
p0252,1.43283516331649,0.849252433241804,0.965146200281278,-0.124265007680073,1.25916015804083,0.144648438470684
p0253,1.59233262627892,0.813823253652456,0.945339040563609,-0.11501754660348,1.34670502331806,0.153371645873916
p0254,1.40599280480817,0.85484765877177,0.974654307823431,-0.132972489376234,1.25691639918635,0.143683403876052
p0255,1.49752643508539,0.835332897444699,0.949302319899329,-0.101001829985959,1.26739635825774,0.144819734579417
p0256,1.41201785329658,0.853600961449964,0.962965313238596,-0.116327162506956,1.20525222637469,0.140351793863911
p0257,1.79924076858795,0.762296041000856,0.922855752212016,-0.0868125061809971,1.39423520099495,0.157209563799302
p0258,1.82618345360316,0.755123755733637,0.982115067142923,-0.17659758845226,1.66175843218722,0.176609193051886
p0259,1.91056614859587,0.73197086418873,0.914210064965062,-0.104675899273561,1.45232013193971,0.16435489966936
p0260,1.61471532834153,0.808552462399265,0.938566243734451,-0.100484775784863,1.35401213866985,0.152754500455135
p0261,1.44762372024881,0.846124587498099,0.972849781529275,-0.135712715371884,1.27273339674199,0.145198325367009
p0262,1.73377030451205,0.77928036502929,0.926574883533134,-0.0818902208316321,1.37376050747202,0.15356219413312
p0263,1.6414062733001,0.802170967683111,0.935391769145331,-0.0842742571154348,1.30552385178541,0.147857910727201
p0264,1.47233032648621,0.840827380315897,0.969988194078416,-0.1364658222438,1.32215894089533,0.150425205699632
p0265,3.26933798579926,0.21516657684573,0.873531198450068,-0.267404672088526,2.71979774181239,0.267427295831236
p0266,1.68704854613524,0.791016013837035,0.935561838274747,-0.105385914531158,1.31784464060732,0.151861364924671
p0267,1.53599674220473,0.826763884089793,0.949030719433708,-0.110956129689966,1.30628148885335,0.149196135067792
p0268,1.79141293425099,0.764359866608407,0.966746120989198,-0.169149218517167,1.56455155154667,0.172755269071681
p0269,2.56116812721532,0.518347270333885,0.928478641126441,-0.217268325092681,2.15015869763103,0.217309298253196
p0270,1.7951804078532,0.763367687210822,0.924219729935058,-0.0752180143578071,1.35815916015385,0.153140119561658
p0271,1.82980814942091,0.754150706970164,0.922291639522849,-0.0801032057636706,1.35128476894422,0.153544289563372
p0272,1.68654962288441,0.791139604295852,0.977219628201612,-0.164355752068697,1.50927463430697,0.166096617328933
p0273,2.57963513810978,0.511376425138809,0.942805823695673,-0.228119799858682,2.23712653634242,0.228126528540044
p0274,1.65928448773807,0.79783798624672,0.97769964814919,-0.161355884945414,1.4807145119833,0.162884082255947
p0275,1.67203958572747,0.794717957960361,0.946660079040627,-0.133047219452712,1.36150694756281,0.156224441503981
p0276,1.73026720638922,0.780171395871923,0.930095427226946,-0.0918101867806423,1.34186360958444,0.153282231375862
p0277,1.37305400178173,0.861569086348444,0.985047983637003,-0.139235169362205,1.25738949588593,0.142711458722678
p0278,1.61764886815649,0.807856204519259,0.943004349549922,-0.111029508334708,1.28786238205353,0.149129250222089
p0279,1.71923313715898,0.782966189509013,0.929736640607195,-0.0888070681517473,1.35352462704596,0.15336162655545
p0280,1.44489549832249,0.846704034602485,0.957794521402274,-0.11202995936341,1.24117655631271,0.143094384203344
p0281,2.49739174564725,0.542036155290109,0.935022843940908,-0.214321173586692,2.11147321532729,0.214351182242423
p0282,1.78012889759638,0.767319092227794,0.926075526641456,-0.0911596046399252,1.35767606477874,0.154923886220527
p0283,1.69073976469455,0.79010051027574,0.986609572675105,-0.168668460834254,1.55882082450857,0.168681420284503
p0284,1.90278383204961,0.734149945350645,0.961724122135673,-0.17645683412019,1.63298688427938,0.178319804328482
p0285,1.45494479575467,0.844564261966358,0.958847085385225,-0.115044490049732,1.1967093159346,0.139990643323177
p0286,1.42040598637534,0.85185641956143,0.955501439036106,-0.0967512096852458,1.17942942659687,0.137135131025845
p0287,1.56893234462034,0.819255004398767,0.940099938494106,-0.0834752675062976,1.29210636966217,0.14556608861126
p0288,1.76308479782499,0.771753435017505,0.928944462654016,-0.107815102426958,1.38828358452083,0.158685984902259
p0289,1.67439972556592,0.794138024004665,0.933089981583039,-0.0911253820011012,1.34027694216089,0.151739561624429
p0290,1.68597236862904,0.791282552854987,0.938285817293838,-0.116799001951796,1.35924763818601,0.156211152764884
p0291,1.40886132834908,0.854254771452674,0.957084819828261,-0.102999898283316,1.22811779042859,0.140775590309936
p0292,1.73574649351438,0.778776916216123,0.92677119480101,-0.0917783153461778,1.39696471175623,0.156500242613611
p0293,1.55362894680795,0.822763788838649,0.942339368683157,-0.086873740627045,1.26847332442894,0.144145208601382
p0294,1.88222030207684,0.739865019579367,0.972804061470607,-0.176363978039972,1.66131432089725,0.176371899447314
p0295,1.78428063954945,0.76623247697129,0.924885947227725,-0.077477023661705,1.35804058991647,0.15327767417404
p0296,2.62207454407016,0.495166789428119,0.935535867508113,-0.226379374417963,2.24591979287454,0.226387907835139
p0297,1.87921755181507,0.740694356410818,0.980064968493275,-0.18174359087687,1.70471159877561,0.181752306944969
p0298,1.58981715583783,0.814411010483053,0.946396591342655,-0.118054936967041,1.3674058603239,0.155003793477964
p0299,1.52722858432849,0.828736057748351,0.944978880087344,-0.0905058960897508,1.25704157944447,0.143366375870966
p0300,1.50276034243961,0.834179851407007,0.948234573332827,-0.0899975648529942,1.20659933606215,0.139827867073885
p0301,1.67062235387914,0.795065807320266,0.933794548747662,-0.101918631190262,1.38896810087322,0.15619516361425
p0302,1.40316381690055,0.855431191062448,0.979724388217322,-0.137740023042967,1.26853854024051,0.144270165381061
p0303,1.54459480213628,0.824819005766966,0.968624617544864,-0.143461433525757,1.36029683223641,0.153991218220402
p0304,1.60832399132379,0.810065031315336,0.937678288760199,-0.0876240611314362,1.3108265859734,0.148085057214648
p0305,1.89246844659597,0.737024588626589,0.968564374318728,-0.179263175763841,1.66276356446772,0.180425164148484
p0306,2.57146461841913,0.514466773870257,0.942261416347164,-0.224721289491971,2.22115358921775,0.224728468712258
p0307,1.51194258749297,0.832147254545078,0.98384534931416,-0.150104280200854,1.36383882065709,0.150838709319951
p0308,1.67990041572706,0.792783218500758,0.934261322580117,-0.0838959165428938,1.29136172851123,0.147963374591006
p0309,1.76577329997898,0.771056804601628,0.926060393978334,-0.0976411805756464,1.40363940254517,0.158625625802628
p0310,2.07880173864611,0.682689830136797,0.967941952695214,-0.192113146861933,1.83603781201765,0.192120335436832
p0311,1.58274058714657,0.816059514883586,0.943669796972962,-0.103010983089561,1.29159442155966,0.14870097667924
p0312,1.91060430586971,0.731960158081258,0.97050438006431,-0.180009634317424,1.68235833919422,0.180241344299374
p0313,1.63457062139749,0.803815258447727,0.936091373158367,-0.0836091190493671,1.29632569176897,0.147049659834818
p0314,2.13394109457502,0.665633543489832,0.953985386949278,-0.190808986864468,1.81686274530243,0.19082644680127
p0315,1.68999340662408,0.790285784915252,0.930391630428082,-0.0898874017085855,1.37526748758919,0.154075020746362
p0316,1.73074983616206,0.780048743572056,0.985333709805509,-0.171922125480903,1.59065274276159,0.171942738073495
p0317,1.40658318134357,0.854725734210565,0.972687566533768,-0.130831006837397,1.25364030755938,0.143566382046182
p0318,1.82544327346689,0.755322219693299,0.922347695075665,-0.111008415820814,1.46651356956647,0.165350223964955
p0319,1.54711318291052,0.824247293235575,0.954750410854664,-0.125722067784978,1.32975782057595,0.152291981780715
p0320,1.85796434575432,0.746526477578362,0.983875559944178,-0.181694538763937,1.70534920195393,0.181707404073471
p0321,1.34374822564297,0.867415224865539,0.979652725533534,-0.131041794496723,1.21700865182215,0.139458014985636
p0322,2.47678115797742,0.549563973126753,0.947357306959696,-0.217832668972187,2.14411797447966,0.21784031671411
p0323,1.86687337183125,0.744089814766226,0.917984079376474,-0.101829319007936,1.44605556389097,0.163560384864359
p0324,1.78025356654837,0.767286500092773,0.924919253583671,-0.105631418134349,1.44021980775025,0.161871972188157
p0325,1.53397706848061,0.827219159018224,0.960537701863345,-0.131741508391898,1.26685606232241,0.146195563538039
p0326,1.57895838566029,0.816937572527292,0.939836127146185,-0.0795653402502324,1.26714886972798,0.14345628165248
p0327,1.76624290199986,0.770935014920588,0.928705417281353,-0.0712214262168377,1.2989641288823,0.147948840924621
p0328,1.55069359028948,0.823432880385854,0.950193090550455,-0.117676143956095,1.33237750823893,0.151833077990734
p0329,1.56517584615409,0.820119484595601,0.950829139772032,-0.119911402351496,1.27400517883619,0.147782285269222
p0330,1.41388646398416,0.853213227231518,0.970796109033665,-0.129231486647291,1.23126485642759,0.141940688204728
p0331,1.72410045277013,0.781735562461509,0.927975733727763,-0.0797801891341598,1.35213448378423,0.151685820667138
p0332,1.28516339936951,0.878724088885805,0.980775854781644,-0.125838402290299,1.17753128330842,0.135873334684168
p0333,1.68794393892106,0.790794120505947,0.940681874141814,-0.125451432716999,1.41128710534632,0.160797575326822
p0334,1.79799105390137,0.762626134635081,0.979605513735393,-0.172912625366399,1.6187318481561,0.172920929642693
p0335,2.87938063039489,0.391226125484634,0.901290037841516,-0.237279494522549,2.3852689696759,0.237349965754935
p0336,2.19644362500977,0.645759697011313,0.955286413612615,-0.198711965775606,1.89399673580253,0.198721908935269
p0337,1.47712993934956,0.839787923126761,0.960930133860875,-0.124673078238993,1.29630493033293,0.148317054734815
p0338,1.45816540031353,0.843875368341997,0.965443651673055,-0.128984725621105,1.30779007503762,0.149141698802247
p0339,1.46022297480557,0.843434451688208,0.949800101767604,-0.088753239134577,1.22142878770091,0.139516093181114
p0340,1.60481916738179,0.810891933484698,0.940203941234639,-0.099425006055296,1.31567129494915,0.149905374078384
p0341,1.60754693093147,0.810248520821004,0.938304416319644,-0.0975606906859212,1.35544363765931,0.152414013994443
p0342,2.39580125978096,0.578537026671205,0.947204196192164,-0.211400751914369,2.06186469313967,0.211413132742064
p0343,2.60973970024307,0.499905321451398,0.939392014533168,-0.227088785652391,2.24913003371527,0.227096052208678
p0344,2.52127967254417,0.533233269391039,0.947264095560479,-0.224185025747693,2.19460552268958,0.224191826459203
p0345,1.92716273427261,0.72729404164233,0.913487610304406,-0.113415041353364,1.48326887500585,0.167591442553346
p0346,1.54268377180218,0.825252218535355,0.963713704399141,-0.138136781186423,1.33816412779465,0.152933599422295
p0347,1.63687851770369,0.803260869819129,0.955499855381527,-0.141200325659025,1.39381988558931,0.159030590015058
p0348,2.14015056850777,0.663684791871024,0.957969430465036,-0.195479956210155,1.85039246154555,0.195559334222321
p0349,1.81920607802302,0.756991398851443,0.923207479233695,-0.0784080548155179,1.354412164787,0.153667912955205
p0350,1.60687479592046,0.81040716247229,0.981251006825827,-0.158261720640275,1.44652364895682,0.159247506196937
p0351,2.17390823753573,0.65299137837744,0.965388700528627,-0.200518738633146,1.92151532036837,0.200525746500483
p0352,1.69206634423948,0.78977100053954,0.933774591653609,-0.0807193965578266,1.2781585296535,0.146714397727776
p0353,1.36863638420311,0.862458419282198,0.958353054545875,-0.0958928570288238,1.18348235714525,0.136131360199833
p0354,1.75271598016988,0.774430206789629,0.929490640987474,-0.104554862437594,1.36016167849414,0.155874338791626
p0355,1.72476163346088,0.78156812453442,0.926769907578099,-0.0808008612574823,1.37904963058431,0.153588852269096
p0356,1.46401358840889,0.84262053515843,0.982536682327513,-0.146765469260903,1.33367462498388,0.150305597019289
p0357,2.72759166947928,0.453718416615842,0.914911438479688,-0.228234742406758,2.27322817098276,0.228282888646229
p0358,1.54574537399422,0.824557923193937,0.957827339409638,-0.130636146320908,1.3352435073941,0.152833050644674
p0359,1.54056381882305,0.825732164647433,0.945003379297814,-0.0860821753833165,1.21952631298787,0.140895245654536
p0360,1.58849278299234,0.814720085827782,0.970895640453887,-0.150274797307363,1.39726904020997,0.156968273133558
p0361,1.58273649761317,0.816060465424429,0.95155834613637,-0.125882607810322,1.3350717001332,0.153539790498805
p0362,1.61123970214573,0.809375745535691,0.980475411879776,-0.159841305652291,1.45902953155433,0.161963347199029
p0363,1.61043807566659,0.809565377701215,0.93659726786008,-0.0812922872246118,1.31154973891168,0.147271361583588
p0364,1.69110155785459,0.790010669927389,0.930013946379451,-0.0920204488834588,1.39305776401956,0.155570297359325
p0365,1.76233992227781,0.77194625543182,0.928237552268563,-0.103346140677511,1.38438371945047,0.158022036133256
p0366,2.26036648238953,0.62484082999558,0.949703305113039,-0.203786997657346,1.93548124656937,0.203898568046654
p0367,2.15455683418571,0.659141790694333,0.958592011826113,-0.192965286197185,1.86228808605548,0.192983884017405
p0368,1.50867354201821,0.832872315214863,0.950023676815128,-0.104392009883996,1.25730083709854,0.145021932935181
p0369,3.10244685893165,0.293248805111438,0.901691111853822,-0.261893320712894,2.63506584126057,0.26189986315284
p0370,1.81400264898662,0.758379553441912,0.922367999887022,-0.0899209121390926,1.39461583497474,0.1579633863407
p0371,1.66318941420774,0.796885338625176,0.933661471163902,-0.0770343663793985,1.29813500185469,0.14667517864872
p0372,1.65397714911278,0.79912917691507,0.976702324776607,-0.161442921087048,1.48239300909098,0.164257129719678
p0373,2.52157622779865,0.533123459861574,0.93469357668825,-0.217099251845082,2.13661088017806,0.217121255528114
p0374,2.76884463186328,0.437069185237515,0.926933248318084,-0.237179227013328,2.36697047708604,0.237186232412978
p0375,1.85805217414948,0.7465025129647,0.919614229329383,-0.0816653533892595,1.36961149900713,0.155339165558349
p0376,1.72316048920553,0.781973489077178,0.928810657826992,-0.0986471887701424,1.40104223791997,0.157452590865864
p0377,1.6853043123099,0.791447926127925,0.942824525300425,-0.129128806736855,1.4059569734242,0.16059912634653
p0378,1.59789657401797,0.812519898489231,0.985357417507068,-0.161090180828129,1.46541635542835,0.161679357693009
p0379,1.92048273709909,0.729181290521359,0.972320398221553,-0.17840134236629,1.69602037338863,0.178416562718449
p0380,1.70356836137791,0.786903174373824,0.930182053293339,-0.0683229978062385,1.31216538382565,0.146841152485669
p0381,1.59493088360576,0.813215177488103,0.948675238353341,-0.123084118053776,1.35655633324936,0.154968167694222
p0382,1.51823428308767,0.830747365773574,0.946789029784146,-0.100005759270171,1.29870989238431,0.147283921990926
p0383,1.66479192546016,0.796493741207736,0.932722555024537,-0.0744197231850028,1.31134477584326,0.147125083986257
p0384,1.79300619400827,0.763940529571687,0.92597681982611,-0.075563894010164,1.32077428113832,0.150372187837315
p0385,1.6486399852312,0.800423452077142,0.963847704120204,-0.151637068600889,1.4254596285504,0.160986654340319
p0386,1.91403862918994,0.730995685415521,0.958663754720779,-0.174836961581231,1.62011737908451,0.176551902339508
p0387,1.56233306983665,0.820772313077916,0.956208970938713,-0.129934563584193,1.29314836706477,0.149355664896697
p0388,2.09436011229273,0.67792236775793,0.971817584800365,-0.195281231944944,1.87154372379704,0.195289337076722
p0389,1.77141504081731,0.769591495774117,0.974372423262608,-0.168383132022076,1.56129052612621,0.168750118786172
p0390,1.8734727088467,0.742277348450453,0.973668272400812,-0.178122217162273,1.66286201907586,0.178332623256735
p0391,1.4532316158357,0.84493009386541,0.968308772992137,-0.132035702224379,1.30549806751387,0.148881428377408
p0392,2.01763259667792,0.701088915529663,0.975541182695615,-0.190185688690262,1.8142640049574,0.190194825531709
p0393,2.13584673145088,0.665036089739458,0.963523802460467,-0.195623164611683,1.87229824755876,0.195630154253068
p0394,2.08736403108047,0.680070534909154,0.968100139469371,-0.194767430036537,1.84865946215961,0.19477613272397
p0395,2.7959476098764,0.425994693169503,0.923181914281757,-0.240001351392317,2.38468114320466,0.240008134801514
p0396,1.75549891844395,0.773713324896642,0.929714536621501,-0.112718519378149,1.42820092618115,0.161925141287195
p0397,1.75058195820903,0.774979158075444,0.926763314489601,-0.0995142898831489,1.41050732971779,0.158682183766201
p0398,1.48185047028474,0.838762292958856,0.975939173043353,-0.142706135803561,1.32020587965783,0.14925065133319
p0399,1.63696226978134,0.803240736703242,0.946642234194399,-0.126320559218659,1.3480134450963,0.155155138419813
p0400,2.40893169482655,0.573904624898089,0.946133796106746,-0.210188815448866,2.06666298970622,0.210205024220405
p0401,1.38832416906903,0.858472896866191,0.970520955825088,-0.12547667028005,1.22401561055394,0.140907524436377
p0402,1.56060148117307,0.821169381605381,0.947859209942693,-0.11083786782815,1.27773917404173,0.147971892247052
p0403,1.60731181716902,0.810304021436089,0.942705611956243,-0.113162553936616,1.37453018665174,0.155371288458917
p0404,1.65265671329882,0.799449775242904,0.938503497474468,-0.113793267642175,1.40546788523084,0.158301713559349
p0405,1.72225180364569,0.782203375156932,0.972166722919165,-0.163740807633793,1.50517198725268,0.165229584967853
p0406,3.01504586174714,0.332508570294263,0.910051980879083,-0.256202320993724,2.57010569149421,0.256208944980221
p0407,1.63809600810419,0.802968096618408,0.937945836592915,-0.0849091055076537,1.25635519336381,0.144880454823165
p0408,2.14209288958157,0.66307406050437,0.971957981663641,-0.19954158875382,1.91927187730386,0.19955142426291
p0409,2.03723322814613,0.695253061776097,0.977281818803244,-0.193214519958151,1.84325807854692,0.193225649533591
p0410,2.27597049736805,0.619643269944095,0.954252296074588,-0.205753564536874,1.97337133352332,0.205760307447446
p0411,1.40999405647852,0.85402031816325,0.985320045791386,-0.142857726821063,1.28939204667804,0.14536307162747
p0412,1.71691344756071,0.783551463744393,0.932120459288661,-0.107633273160834,1.39681443537078,0.158572456764053
p0413,1.66136981020999,0.797329528653808,0.973485310769123,-0.160176382314814,1.47846231348972,0.16429261151264
p0414,1.50399304026932,0.833907698931892,0.958475099274391,-0.124578226438042,1.29190647454371,0.148833871753629
p0415,1.8666331388549,0.744155672591235,0.919208740926219,-0.1122421357917,1.47214776555452,0.166454782493478
p0416,1.63980508450979,0.802556743141511,0.936260923236459,-0.0976884539519675,1.34931425843059,0.152505423255279
p0417,2.90900537325407,0.378634844290187,0.914377745488307,-0.246967692589079,2.47174556185435,0.246977063828711
p0418,2.42519751391113,0.568130953795849,0.954416984888055,-0.217956860108417,2.12529910079795,0.217963743715136
p0419,1.27211709544395,0.881173849829989,0.978183079509264,-0.120991972856107,1.16464174816631,0.134741044719658
p0420,3.592540330421,0.0523212261646706,0.83952934998937,-0.289271745724915,2.97401150585915,0.28929488994686
p0421,3.12129310786171,0.284636206427185,0.886140160024024,-0.25674656981002,2.59855781192887,0.256772112712896
p0422,1.70196717598362,0.787303565907114,0.929681590373805,-0.0957821622071383,1.40060421015214,0.156721283962122
p0423,1.82364467235421,0.755804142008816,0.923797016454112,-0.113939092161034,1.45530496896005,0.164929328051493
p0424,1.65865219199731,0.797992030747374,0.957057415626762,-0.146219400588111,1.42086287944735,0.161403438411315
p0425,3.16754790571312,0.263276993180956,0.882037491061111,-0.25985690754594,2.63498328514299,0.259881842600446
p0426,1.70501022926422,0.786542299512615,0.929497725497976,-0.0770060937228851,1.33751275694675,0.149962592481151
p0427,2.20836774860129,0.641903034529263,0.96339573878556,-0.203373905807489,1.94799378162875,0.203380811668171
p0428,2.42615519618248,0.56778980633193,0.945866857225111,-0.21212083720767,2.08441226477397,0.212135316563087
p0429,1.73685992715572,0.778493008136792,0.930006158082587,-0.067491226970437,1.30071682956264,0.147061346918559
p0430,1.74444067360325,0.77655519745777,0.925628343714906,-0.0926788196629095,1.41314715957114,0.157816125890503
p0431,1.66453869256887,0.796555647513318,0.936400073781364,-0.075435504544609,1.24103030345288,0.14284259910041
p0432,1.74316286766307,0.776882425008336,0.928905407493687,-0.0813181186717214,1.32979221668187,0.151325664961509
p0433,1.74444533313187,0.77655400378136,0.927056065395978,-0.0802488768405817,1.35214971360291,0.15226375587459
p0434,2.35233717302966,0.593690485733452,0.954193794311766,-0.212342264004927,2.05226237199116,0.212349061906025
p0435,1.38377862920169,0.859398133140617,0.971311906238532,-0.126365559290755,1.24348765172653,0.142719330457035
p0436,2.06391542552159,0.687218078954306,0.9565704288134,-0.1883665841903,1.76329776418435,0.18884010088
p0437,1.72907644072956,0.78047386277304,0.926608739049429,-0.0741645610431047,1.36398887928146,0.151629569068458
p0438,1.47837112666792,0.839518567347139,0.958661127683883,-0.121435938193105,1.31194335859897,0.149482461309215
p0439,1.63142578517478,0.804569432496984,0.961592522187749,-0.147459888938341,1.40824963941531,0.159732983328856
p0440,1.466217397627,0.842146365565393,0.953959715986829,-0.103016094632282,1.17390720894027,0.137742530153091
p0441,1.45783557744778,0.843945988108114,0.975297360509083,-0.138851342454093,1.27920795123495,0.145091713574443
p0442,1.90129694504245,0.734565267932933,0.976118961004556,-0.182559047806269,1.70626959578524,0.182684458611668
p0443,1.67199618416599,0.79472861493955,0.958518605878846,-0.149423616594324,1.42803360961174,0.16188260193652
p0444,2.10640810619236,0.674206148690307,0.966841914364354,-0.192925139461911,1.85608271089828,0.192932684280032
p0445,1.62588774626035,0.805893997924442,0.965915574632641,-0.150522803710859,1.4017817366435,0.158388041098781
p0446,1.8393352262557,0.751583965076074,0.922581024033128,-0.115025860337329,1.46212117102635,0.165693370745753
p0447,1.68784667976617,0.790818228653577,0.932599426363895,-0.103278207355672,1.39753643452932,0.157196630319448
p0448,1.63050243776149,0.804790587814465,0.941477084125405,-0.109601554409953,1.30650548918091,0.150935919572507
p0449,3.38107975771785,0.160600550445108,0.853774001782614,-0.271244729573741,2.77772648814193,0.271304428024545
p0450,1.6447567904468,0.801362507187471,0.955769726330092,-0.14280669499235,1.4218746040078,0.161097925630265
p0451,1.48741758892154,0.837548519234532,0.950470414190363,-0.103340296776448,1.28008472113909,0.145813150983623
p0452,1.2812041943568,0.879470167690178,0.976468796500843,-0.119537855526014,1.16147489594455,0.134412575248147
p0453,1.67880285888655,0.793053898712365,0.932906611993394,-0.101311379449316,1.39285314226974,0.156514761293298
p0454,1.36434149278421,0.863320297993597,0.970962551181042,-0.12277044360187,1.20644404266911,0.139157653536793
p0455,3.06421795696267,0.310558922629288,0.887155826784175,-0.250756013534467,2.53803658895086,0.250794852370244
p0456,1.76581731736136,0.771045390219291,0.977512115258635,-0.170270380530914,1.57730758271605,0.17058801652085
p0457,1.84296276400487,0.750603146414823,0.952352516944854,-0.163922867343708,1.53447456500394,0.171028638730978
p0458,1.71370079507542,0.78436073382654,0.931823700514645,-0.0930509886980729,1.32662613650463,0.152065797654209
p0459,1.74031749553812,0.777610222053583,0.980617487026564,-0.168986495397423,1.56863592172662,0.169066673552224
p0460,1.63365353477113,0.8040353381778,0.934980639940092,-0.0878981588379579,1.34289139666261,0.150722011167209
p0461,1.79330121250338,0.763862841452882,0.925676116407806,-0.0702931122951284,1.33441238919244,0.150823370226338
p0462,2.13763891399217,0.664473719486052,0.971164200239589,-0.198680308733158,1.9109161757002,0.198689171151318
p0463,2.89967806564723,0.38261309232986,0.918589114689379,-0.248277354386938,2.47791142224017,0.248283992049857
p0464,2.1896288688037,0.647954441555541,0.960237506602654,-0.199994914714876,1.91283205006588,0.200001793716592
p0465,1.85552316633517,0.747192117738604,0.919248371542938,-0.0900224175839136,1.39777489555965,0.158557528862708
p0466,1.48400370918134,0.838293371767493,0.951950396290052,-0.101700115556382,1.21248442190817,0.141221808605001
p0467,1.68994625178378,0.790297487803934,0.934482846728824,-0.074661387352803,1.25428317152206,0.144054356973644
p0468,2.7609486071177,0.440275271791206,0.925955975635463,-0.238315325250506,2.35925075313993,0.238321900443543
p0469,1.73016196034012,0.78019813785528,0.928091671932816,-0.0683816878367391,1.32623739838244,0.148245354472254
p0470,1.53567873318651,0.826835609429712,0.957152754498338,-0.128373841959661,1.35017400347262,0.153503875286219
p0471,1.82968081384849,0.754184922875481,0.98169933609165,-0.177238613679358,1.66367356964326,0.177248417345817
p0472,1.31066686777575,0.873863001949271,0.967357404625566,-0.108418142830035,1.17881884717108,0.1360341889089
p0473,1.6777590345825,0.793311163242728,0.93508890976127,-0.0796627518634402,1.25779675456629,0.144765610960673
p0474,1.52198560535304,0.829909938271934,0.945131484266687,-0.0866458914064799,1.23878147746598,0.141510174295772
p0475,1.56912404336965,0.819210833333679,0.940994387994561,-0.0832726643040111,1.26433285203828,0.143634476663962
p0476,1.78733580232158,0.765431247314789,0.924293896476197,-0.0749510566504735,1.35901701563892,0.152856293615247
p0477,1.70740389623598,0.785942531489862,0.930999683677895,-0.0795001788442783,1.31917036742821,0.149594968461732
p0478,1.96082307687163,0.71768453586758,0.976968233609677,-0.18729945421334,1.76817692743997,0.18730750528824
p0479,1.82320451556052,0.755922006520728,0.924720132054078,-0.0667568871473129,1.32442334801792,0.149921327047721
p0480,1.39204863474895,0.857712527069905,0.984711068331208,-0.140123080080604,1.26592794954221,0.14284504809422
p0481,1.61461181809252,0.808577006845919,0.979937625146734,-0.158873325066069,1.45268136493513,0.160551994663811
p0482,1.72688134282352,0.781030894808966,0.929314135235546,-0.0762009429239856,1.32480564295859,0.149722485845838
p0483,1.66672596740122,0.796020627112725,0.970122083580036,-0.157503708922478,1.44594652193123,0.160946688171407
p0484,1.8056298713585,0.76060487044982,0.921961327129706,-0.10187292916492,1.44530775465285,0.1621884875827
p0485,2.51053998628914,0.537201295404039,0.93585434560813,-0.218688735999279,2.13259188222452,0.218695228882875
p0486,1.43654372828922,0.848471072404643,0.956986968418718,-0.108981549777022,1.24944463262815,0.143310789479516
p0487,2.50730466373349,0.538393340391739,0.941028182823931,-0.21838931642752,2.14990391872914,0.218402482621207
p0488,1.59379022542237,0.813482250439716,0.939795609410162,-0.0954871401630014,1.32114295477844,0.14955366962103
p0489,1.53622283493558,0.826712880974879,0.9442719792198,-0.0954724816956447,1.30129483693815,0.147242861744493
p0490,1.84840588558688,0.749127802385442,0.975661626675127,-0.177109636984008,1.64986663370829,0.177330313997596
p0491,1.63807727326654,0.802972603484422,0.939392781320667,-0.112374905974127,1.3959898079414,0.157285063053181
p0492,1.45702000423743,0.844120545338611,0.957911196882338,-0.114301221524419,1.24218559389906,0.143871008651344
p0493,1.35100760104324,0.865978821136693,0.970248158816998,-0.120011502805055,1.20632032583978,0.139134896934542
p0494,3.40842778170157,0.146966588551991,0.864380898622355,-0.279066075927835,2.84623517298412,0.279082314680326
p0495,1.53627752252372,0.82670054315115,0.980246156451371,-0.149824909799134,1.36596243288088,0.151224929183831
p0496,1.55715189303424,0.821959090178194,0.979795943039744,-0.151393136047246,1.38213194444605,0.152568613776368
p0497,1.73620953880956,0.778658869056601,0.926456569755673,-0.0757298049529977,1.36107789524527,0.151826143263946
p0498,1.61460907269844,0.808577657814899,0.937123102956279,-0.0832778867002579,1.29754595982688,0.14668249220308
p0499,1.72955152881594,0.780353210408409,0.972776662233596,-0.163534522922808,1.50700922977168,0.164136456492867
p0500,2.05378655902455,0.6902805613964,0.957308441376757,-0.187407204995717,1.75561451401253,0.187802389960191
