wind_speed,swr,turb_param.k_min,qual
0.8,1.2,9e-05,95908.6131223323
0.676682500037947,1.30566677724255,7.82745143937192e-05,137059.059142393
0.96461142246095,1.00639563946325,8.27263690494774e-05,52248.5653135082
0.981100989857899,1.01469651973318,9.24787568208152e-05,52906.3012216003
1.00810061154141,1.08677457142567,8.84652936667786e-05,60913.0633825168
0.84147366108732,1.11809065951986,8.41548733228533e-05,75882.0487398021
0.887191894498174,1.11570165416406,9.26824098218631e-05,72549.3052500849
0.903561653815785,1.08740474885879,7.507941858957e-05,66130.8609042723
1.00311936739507,1.11934932280366,7.02369848907926e-05,64755.4823932694
1.0099288626422,1.01101356957592,7.99533557442812e-05,50954.1985461192
1.02594985549884,0.882723408257858,0.000100804463362669,37741.9292670551
0.955045299130606,0.928495578547259,0.000113432235943195,43872.5243832654
0.989360165720392,0.790602413771585,9.20135690858777e-05,31812.8355601789
1.03804193020106,0.615418179664513,9.20313038127381e-05,30244.4914650184
1.04074395475442,0.711690589355822,0.000109068168929375,29061.1121323139
1.14862311630674,0.84058966509221,9.89113941663565e-05,33177.7565495929
1.17689189380403,0.778280033081816,0.000101751746999129,30228.7787458013
0.897457930204254,1.09792089705531,9.73419170677408e-05,69106.856658348
0.980056213949172,0.68777009580466,0.00013396816369651,29068.1317733838
0.889434233488515,1.05778458369252,0.000106562980857141,63540.376546644
0.992613607705562,0.672497076795747,0.000102870504351715,28971.6814972732
0.977175517067393,0.821295730018399,9.27628650141435e-05,33770.5242192667
0.97082761205112,0.702322471877686,9.90063437741617e-05,29087.1058939547
0.923579597964845,1.06766462980708,7.70772211954535e-05,62167.1259592258
0.886500541402055,1.12550140416236,6.87912985865367e-05,72928.5980405406
1.00016691068518,1.02832258827119,9.47577849178004e-05,53874.759556725
1.05340579445988,0.534981850943891,9.71445951157142e-05,35977.9713714388
1.01788585986296,0.731024537740887,0.000112070959307883,29494.6196325725
1.02235943402634,0.62062741351233,0.000107811735965485,30096.6905469489
0.94380149337602,0.658967586075128,8.74367735696585e-05,29116.5712232258
0.987461651542042,0.630184802734549,0.00010065598646921,29768.7142943321
1.00327639363179,0.655479719655982,0.000106995079166336,29161.3360812144
0.947705793581149,0.549712902002745,0.000109057493444108,34941.4922220651
0.994537762972786,0.748595653718039,9.68916305686548e-05,30015.5086391578
0.95016225949162,0.797144893122536,0.00010412800724859,32668.3952529398
1.00286148211865,0.668999484877402,9.6526333225157e-05,28955.0425738262
0.999054535834611,0.710358200059972,9.40303019670581e-05,29076.5121428424
0.887180213009019,0.707057104318653,9.54756916216273e-05,29461.7313897182
1.02447639509821,0.792294608076239,9.31456567690326e-05,31609.2657780589
0.972270890985813,0.828753710734892,8.64014367922697e-05,34262.8292026438
0.942174058582937,0.747091220892482,8.48012929122207e-05,30175.0700330591
0.957404383998144,0.833945815979696,9.09020618674278e-05,34901.4415008206
1.06764248039886,0.516439805729483,9.88433711153465e-05,37975.874602517
1.02402700540358,0.626226884987071,8.72932646211688e-05,29819.6766113196
0.931886193568882,0.923583565755338,8.10075594447961e-05,43470.5787700525
0.913459284762474,1.24622145530784,5.45834537232743e-05,90234.9873033625
0.890972273507658,0.8726918978255,8.65124645389849e-05,39386.4961816675
0.990636984273873,0.599810003877234,8.78224277318846e-05,31028.8579491911
0.955115982225967,0.856623304639538,9.04609665183586e-05,36700.061850608
0.953142771950476,0.914698204832736,9.88955383152279e-05,42283.9538022108
0.96259028299204,0.780977497526428,9.55084817404415e-05,31586.8820926599
0.989815396296066,0.720440979690428,0.000102574991587796,29323.3329334951
0.971577457663476,0.701973736168975,0.000101191652735857,29091.5356917557
0.955238039213177,0.716860175524281,9.02712249022808e-05,29315.3554061521
0.980342241694756,0.632800192458152,9.50841809316427e-05,29674.8071714249
0.977455767694769,0.858406141652108,8.03529434855859e-05,36301.4413862045
1.07166081019978,0.50573885212138,0.000102129357874211,39303.0350833403
1.01488548446489,0.686847120999226,9.63439403213859e-05,28874.7371020397
1.10635313761374,0.649659686464269,9.90967393071528e-05,29167.1982560123
0.966481414346029,1.05337359882852,9.02567338738779e-05,58491.4813562608
0.986411309907867,0.810452681857692,8.86160195127665e-05,32928.0901096328
1.0150962629248,0.633783744734623,8.6491704509188e-05,29575.044145731
0.97862727483913,0.883113262430255,9.18650983312319e-05,38558.9984805383
1.00184264655085,0.686657298113449,9.89482520030601e-05,28908.5052398394
1.05280955753633,0.573243287575638,0.000108637266939059,32647.0949403327
0.982068320203885,0.638595894084474,9.91067471464015e-05,29520.8771237183
1.00516674750379,0.983473568080031,9.66293814095164e-05,48351.2543481533
1.01167721559803,0.824919188329368,8.83885515227551e-05,33540.4602580572
0.993141473512704,0.702928516125667,7.62369932202196e-05,28864.3558464921
1.02499915063152,0.762232124707272,6.93973693419516e-05,30013.8709950472
0.970423690740522,0.708526263943048,7.02560706313911e-05,28925.7985726749
0.958946111948183,0.903279067320566,8.25777110142796e-05,40706.8034678203
0.980372827898713,0.639290671616581,8.73560306170113e-05,29455.2905358222
0.958262020005842,0.749358950101385,8.38692017961977e-05,30143.4548322046
0.980402171358474,0.747712759105992,7.73142283316281e-05,29881.7611985221
0.949170506369542,0.617544860131786,9.2665508277039e-05,30250.1536394561
0.998185927323239,0.791557828353747,6.72049343961202e-05,31414.740488376
0.984079562656065,0.646211925112489,7.97360795548821e-05,29237.8754219167
1.01512186728305,0.769745825133318,9.46791037984698e-05,30664.6935867536
0.991343586058053,0.787529504892227,8.21234442009439e-05,31528.4088387128
0.92006779534327,0.856049775508294,5.65666367096762e-05,36372.5157012787
0.990256005069615,0.747597509125102,8.47964904137487e-05,29907.4382012385
0.99102338649625,0.655863828519344,7.57200106795746e-05,29011.7925665681
0.953797766430023,0.801226497380257,5.18081916204492e-05,31836.0856395801
0.957302385351361,0.659386923132702,6.67612473857228e-05,28920.5465305636
0.992690745268068,0.682485990763925,6.69888962011192e-05,28676.1715687366
1.00833399863481,0.592383901212848,7.97619605614428e-05,31389.824271835
1.0119880711518,0.863060229126839,5.90581926597352e-05,35473.1470428242
0.967058646684865,0.867075559380838,6.95566342910054e-05,36928.9932336658
1.01961235049453,0.760073441508374,6.29742801305445e-05,29837.2362737181
1.04557268534104,0.601820898837055,6.43841070482691e-05,30722.0505036054
0.970762684138968,0.787879957771378,8.42787867265593e-05,31757.111020925
0.987159952413371,0.687356720163656,5.01780770614165e-05,28351.5408773891
1.0041333768813,0.577353810817314,7.45104411493589e-05,32360.3294799025
0.938584970603491,0.849850395560625,4.74562124532978e-05,34972.6104035499
1.00244870059413,0.542363589545678,6.7619419611805e-05,35400.57296282
0.987672383149219,0.509741272286309,5.97946687621693e-05,39429.5836162302
1.00156274489717,0.643504131233499,4.30976277005321e-05,28740.4126862915
0.996847822566337,0.662359644876921,5.82442248910071e-05,28701.7138124834
0.99965526048016,0.63802053384379,6.79974746124625e-05,29337.8992686034
1.02355100487899,0.523722984284138,5.77008861051533e-05,37318.1866661096
0.982933591683832,0.737949018320445,7.25200509138054e-05,29509.4621773038
1.02267550041845,0.703063485584485,5.28420653851805e-05,28404.3686302558
0.940857986935853,0.824894743809286,3.49923541866542e-05,31875.4308668284
0.999281558095522,0.763481739441118,9.4533009587108e-05,30512.4296321443
0.994765091240028,0.772557923767195,5.09758656024467e-05,30066.2358450162
0.950811389043522,0.850004673361886,6.65778398494263e-05,35742.4420381714
0.955664536002051,0.567445006361389,7.25610158393384e-05,33230.8886324955
0.961468743818852,0.738324710050557,1.56798125148775e-05,23487.5453218224
0.924366862775779,0.752012165454057,1.39710759518747e-05,22523.7060689316
0.91898832830509,0.853114692504729,2.32016765777853e-05,30882.1402042141
0.924980744918058,0.908311710555389,5.95071957850004e-05,41241.294862148
0.886562023074505,0.972556639639352,8.2236381626073e-06,19137.108243633
0.95363834351623,0.907904854426469,5.24969243632996e-05,40042.5631692374
0.87165543005574,1.11738842411844,1.2594471622814e-05,41696.6405082219
0.862422922807896,1.01206178555306,7.4242915742838e-06,18347.2625245104
0.904960696914942,0.741842308453364,3.92134619075087e-05,28893.6108132517
0.891817487886201,1.03901632200352,4.84814010916325e-05,57173.5824876203
0.869186238197891,1.1083829146891,5.59620672813547e-05,69968.0214366689
0.911593733876444,0.792551249228276,3.95456738151652e-05,30956.37518245
0.962728487918249,0.758925996530976,4.29943053978922e-05,29336.9325806572
0.830384196233966,1.25954704173693,5.99585112916612e-05,102321.137574088
0.945517385749978,0.783430771220532,5.78426380654327e-05,31219.2780698649
0.894133412398465,0.866168541973251,3.2440723831556e-05,35048.3114863175
0.890303425524497,0.9872444891749,2.08474785938285e-05,40821.0171554349
0.953683674669031,0.697034551277531,4.51626294141891e-05,28273.0060143003
0.942838166062942,0.784325100978664,6.60660715787267e-05,31524.6286499701
0.909775424267579,0.928585998558105,7.24736207204856e-06,15791.8070481806
0.860268592759569,1.13239077984592,8.7021191208685e-06,29418.7799332001
0.876202511176508,1.0375925036466,4.32741560919458e-05,56824.43173767
0.927245682363075,1.13293683201005,1.51708702734196e-05,46997.9296147015
0.953405319541852,0.756310583973774,3.90074803767418e-05,29011.2704381642
0.895709899777817,1.05922201142555,6.47519562965642e-05,61664.9192831616
1.00999299104801,0.649751298861446,8.85153576192716e-05,29185.0067736447
0.947909726825734,0.79744340414397,2.34584790043226e-05,27873.5744429691
1.01106032963823,0.511761974505144,5.87555604270304e-05,38965.512565929
0.964208336034266,0.774449385277356,1.46540889867278e-05,23056.5043264717
0.993516972845924,0.854594935226207,6.97218249258645e-05,35504.5294270134
0.954100811938961,0.798930743888508,1.45450853345569e-05,23370.6524513073
0.983040425667647,0.838217594305079,5.03308026192173e-05,33678.0186094554
0.899834921920925,0.951123554970872,9.17612494220733e-06,20701.0074847864
0.887693754317165,0.882819499528729,3.72112930089372e-05,37520.4494386799
1.02933337228277,0.780239092833792,0.000107656410676422,31106.4210989314
1.08672895691893,0.595538140400843,0.000116211145665555,31184.874587382
0.931929245580687,1.01302266776328,1.41819734349358e-05,33995.0115367636
0.942571617968943,0.766693681085261,1.64976612362272e-05,24130.7553066998
1.01492979054812,0.671418744789978,0.000125769466511069,29015.1593189541
0.922405692348609,0.789477885320824,2.60753072461743e-05,28518.5718760866
1.10636398552651,0.500763572295895,0.000136622738901587,39621.3439696931
0.947022042749554,0.758703645029423,8.5125207807982e-06,18177.1125411724
0.938203908616875,0.835336127029222,7.02550606228175e-05,34929.4025997631
0.975091351752115,0.858057865872348,5.40313460968263e-05,35432.1549530984
0.961294856751176,0.698103319420672,4.48954924351983e-05,28243.9806039128
0.953776943837343,0.893296235729022,6.33775268205932e-05,39278.6819147679
0.886699548003503,1.03086519282356,1.69293622543479e-05,41095.135455474
0.917499966968099,0.857086188437832,5.06488484957162e-06,15577.9294111158
0.924250592916802,0.861454424768424,5.38502796879063e-05,36590.4313807857
0.91070205343432,0.867873200677736,3.45438930111205e-05,35286.6250603218
0.921143952332024,0.695932513576387,2.16623814472053e-05,25866.493121126
0.958780218088137,0.820056670122467,9.46519216712244e-06,18497.143783284
0.982248174211057,0.642124155627871,3.26710825418637e-05,28309.5910714227
0.927466611647539,0.83514345300582,3.50761633835694e-05,32716.2440914225
0.974845766227362,0.706794980252552,4.47817035779099e-05,28254.3090105311
0.971890498866979,0.860195670166192,3.66079618855521e-05,33994.4148063409
0.908198471713613,0.837980193557047,1.52991845880118e-05,25391.7628432581
1.01744032714221,0.695902402068772,6.65938188217418e-05,28647.4737737088
0.929422646743546,0.808121353476566,3.22070321132504e-05,30614.0743357201
1.01798466188844,0.545932906042871,4.48458387079463e-05,34777.1185032815
0.980167588915644,0.815831105847808,1.51701860840435e-05,24126.8521229251
0.882313903903619,0.998174943729342,9.89189897765598e-06,24840.395525033
0.956510425128222,0.572758348642031,4.57799236263146e-05,32561.0919548816
1.03317615787473,0.572724864414595,0.000111323005401656,32736.5235728497
0.956572992241699,0.763619565282099,4.31605620923833e-05,29556.2445580885
1.05659535590925,0.728643935189267,0.000130711834822378,29368.0584459089
0.960879233278783,0.862239284557015,3.74025732200979e-05,34435.6623818815
0.964052273774812,0.79797180083628,3.73233368121081e-05,30461.9633526794
0.925834535699507,0.827399495765884,2.89156375028377e-05,31057.236532966
0.99562186192702,0.577239892039966,3.65774681998296e-05,31925.2206428961
1.01281768142985,0.604290828192171,0.000143112338937559,30886.6950831788
0.962394969719399,0.712473300081257,7.50457562991173e-05,29071.4018428964
0.908763520233118,0.882685068151411,1.42680136405473e-05,26289.3468111842
0.901946024790776,0.81751585967162,2.31628842705188e-05,29097.6731756366
0.926485905303812,0.833622714421231,9.65235468213024e-06,18787.6442730018
0.989018154587832,0.787867546861211,3.45033572522874e-05,29459.6439877857
0.979127775811347,0.657798681060779,4.23397262981619e-05,28397.0491876151
0.956472880620293,0.796941422806539,5.94361610602235e-05,31880.7519683539
0.947782994529258,0.774782094646454,9.09852061540388e-06,18351.4179404018
0.975721737080214,0.867972221319999,7.70284942064873e-05,37041.4344226254
0.899149552277411,0.913579402806355,1.79544905047531e-05,31969.2860830337
0.94979262083243,0.842611691006019,6.78641122735506e-05,35228.1159394486
0.965593496518928,0.843895169385707,5.2704186861286e-05,34460.6903038934
0.911615730948873,0.917031656404361,1.55476482541034e-05,29584.7910830309
0.923930818373421,0.843797031030603,2.52463175647273e-05,31012.5809998754
0.935405655952754,0.843475169471478,5.01970031255441e-05,34748.2117275002
0.96728825410486,0.80465497800773,3.70167716771941e-05,30727.5586756181
0.955068409208575,0.82067470506604,5.23279934612159e-05,33012.1675304422
0.928549285327841,0.847616203276102,2.6468265983315e-05,31577.9932743269
0.916489840295509,0.827390931527292,2.45418978808497e-05,29929.3369432778
0.905479425405632,0.881708966638996,2.767140189474e-05,34773.156987464
1.01925443657778,0.599194260808073,3.05613142629694e-05,30145.4350694487
0.931183407322669,0.746996904226406,3.48683280620961e-05,28472.9788111041
1.0105829507411,0.760038456662341,0.000132505296101273,30494.6151819966
0.944522805171317,0.729420451501938,5.90432131365232e-05,29221.5314379398
0.985714511117405,0.70395453486098,7.10012587018654e-05,28835.0126225033
0.955060581964714,0.724451282015856,4.51238811841263e-05,28578.7924864368
0.974019625466497,0.755208791035677,7.61536500669164e-05,30165.1208463831
1.01332342734175,0.720393911711455,5.93915216931954e-05,28777.7558516136
0.907198757555624,0.99572629021903,4.55708884814265e-05,50411.1655971474
1.05595706244806,0.642555846860778,9.95226120253014e-05,29359.2911161535
0.908631290485954,0.928846044603061,1.11384166836605e-05,23859.2847547539
0.973088251349029,0.64808117506444,4.04906552712499e-05,28548.9536156165
0.889439068913498,0.957755046762505,2.81540818909746e-05,42220.4920208431
0.917448321615056,0.876645036432628,2.49895045313685e-05,33197.8101735606
0.926009285542992,0.866505034998462,8.07789096652188e-05,37940.3046254626
0.881913639712381,0.902828335434629,4.60026764690532e-05,40787.2142094547
0.90759967368517,0.847834409436258,6.62507888198851e-06,15034.9007720429
0.914649237223869,0.906244195624755,1.26200026510052e-05,25195.8787543916
1.01117810958342,0.715212460281898,9.81757433796313e-05,29138.4725438914
0.994433200055244,0.609783827407623,5.69981650240181e-05,30301.0596858501
0.964965768844573,0.725488270565232,1.97120380096324e-05,25134.6379008161
0.978594450463911,0.681460443961492,7.37298108320514e-05,28782.9890777581
0.888683422051596,0.958644287025286,1.68170435587347e-05,34446.665281218
0.978349504456256,0.698768895010432,3.38130889441212e-05,27518.3815940175
0.961979741595862,0.764860165538489,5.71682154107645e-05,30217.9632451172
0.94958605053265,0.843964113612703,6.26445328519399e-05,35165.6092627435
1.00887445483633,0.612514709922211,1.98280951784036e-05,28350.5441513392
0.969722950494244,0.786680147821606,3.10047315198658e-05,29045.5437050009
1.0033524523379,0.666777929218251,7.64657091646773e-05,28853.4295342286
0.936650159610984,0.738059005466041,5.82156507893089e-05,29476.2131252888
0.981273769048729,0.645270692010835,6.42552835125476e-05,29128.2556088536
0.94076148870837,0.733627880243063,4.97120239802791e-05,29052.4937097254
0.936248468815509,0.837128483780924,2.12440675208253e-05,28905.2971572359
0.973514689573425,0.618870190664317,4.8470467870431e-05,29775.9430539101
0.919557725125322,0.816235046254502,2.92304119997243e-05,30578.066866196
0.960515248814778,0.690068557577258,3.39698935494312e-05,27585.8300696969
0.983669965372671,0.716328645364528,3.97207776636557e-05,28052.0826913188
0.96675952334672,0.761293227764451,2.95011784378446e-05,27952.4556574612
0.982972638572022,0.613913093785574,6.55814472801803e-05,30212.3779922166
0.938676153075479,0.76972305308528,1.58602144931724e-05,23817.7826609364
0.898221010956535,0.852478308231726,1.60969219513372e-05,26800.7548907572
1.00471532697962,0.695846357486866,7.11044853460029e-05,28728.992218385
0.894373220522865,0.911467185283592,1.23838020711792e-05,25329.6956828367
1.02412197876202,0.682426475232322,9.73158910640655e-05,28866.5633545666
0.938928902512191,0.759094723386816,6.10354981310228e-05,30266.8306020403
0.896562090718989,0.841214694543572,5.39299048214078e-06,15394.713486428
0.972152808172686,0.786872072299192,7.08443603334693e-05,31485.0878703208
0.959820281485878,0.749554805839125,5.91534034371368e-05,29725.0668747366
0.895322071648663,0.990894486500071,5.11108064476884e-05,51054.1383709763
0.98587453138728,0.818275319407878,7.63221786838928e-05,33238.4400641483
0.926874863212929,0.824883424652853,4.7855452337215e-05,33400.6806491234
0.942647013903463,0.79472122620419,2.13426399768687e-05,27069.2243892892
0.933945261697637,0.932302977413431,1.32273239482962e-05,27147.9305777818
0.925483835880792,0.806560674640302,1.86912327637332e-05,26407.9340129811
0.873680188366234,0.791577588471805,2.79377348299547e-05,29538.8566672917
0.959648439585774,0.668553618906158,1.07446570299075e-05,22774.4328424899
0.935830480926095,0.823758886896406,1.65307206597321e-05,25613.4097422025
0.887765114422169,0.800713446070081,1.84201618413519e-05,26347.2533637798
0.916297169502491,0.766276277401378,2.74566973291867e-05,28039.9705504984
0.894448332815979,0.868535884770842,7.2384211864115e-06,15447.6789593908
1.01565998816099,0.60919950693853,9.91541580783743e-05,30562.3286065771
1.04468955389866,0.621972113577126,0.000110427229457652,30033.1162083946
0.914956510284012,0.896505489772498,4.43230927720879e-05,39127.0676918151
0.860744322322512,0.915503658640512,1.16067024309853e-05,24656.6906488937
0.95611623869846,0.76037435069801,4.3836164394528e-05,29484.8530464141
0.877487928378044,0.925908692152584,2.23535327063603e-05,36634.0723035063
1.00021894214883,0.694495001136542,9.18545011946496e-05,28904.2482990179
0.97766206458634,0.71997730564138,5.12561546183104e-05,28661.5747133387
1.02409220465817,0.531286991797454,8.84562027386935e-05,36541.1958859303
0.97755568640007,0.67538608865976,3.07469518617815e-05,27402.3393284416
0.918946996073158,0.880532083468974,1.53846906177209e-05,27256.7616130022
1.01387043144364,0.639716697036936,9.40295312810711e-05,29441.0032734322
0.958082944120264,0.791849642459886,5.73819720336524e-05,31517.8986200228
0.926206174097147,0.837390148209724,3.31143151275114e-05,32547.8347064136
0.922567328752127,0.760637704003276,2.42735610189589e-05,27095.8348523226
0.966038764268216,0.602761008562544,6.29312845717189e-05,30759.1090972458
0.964300177309116,0.681726534933885,4.77308094651818e-05,28337.367081736
1.00222039728238,0.655416506324603,0.000116964478714852,29192.0661330507
0.997112882814215,0.740625723008396,4.73967516471973e-05,28861.1260933073
0.893525838433774,0.775513554478237,6.09782324240982e-06,16854.6732363563
0.959527420169318,0.655049959919178,3.34744857397624e-05,28023.3430342798
0.945765783176786,0.782702473213246,3.07165169964911e-05,29024.4277088992
0.872977315849995,0.930729347753837,1.5993433619224e-05,31741.63027873
0.937134060248904,0.729475287780509,2.99847872629321e-05,27462.9204448642
0.882665756486825,0.950768748945682,2.43842344313505e-05,39915.4893315751
0.918582425472798,0.884725564049085,1.17519719549021e-05,22997.8718780559
0.951086448104899,0.797977342200195,3.46011717537161e-05,30247.0539175901
0.986584995981015,0.767216213708463,6.58120561147184e-05,30368.269473364
0.986530828543747,0.5972567332692,4.89549815747003e-05,30866.8202974609
0.891557170146323,0.851147536517849,2.76298656722697e-05,32744.2190769335
1.02772354619191,0.571417300833635,7.49980988217646e-05,32741.2335589379
1.01522180968137,0.660282311915568,0.000116726676419324,29104.8564877292
0.959975412091005,0.658515276829375,2.8088482249071e-05,27479.0558990056
0.922011890961823,0.848608871892511,4.93229780549762e-05,35302.2181015411
0.945673199657686,0.880767076031749,4.5717022619946e-05,37177.8511265768
0.889932860495426,0.96886999596512,3.40150625296684e-05,45445.6393523706
0.935925673940271,0.733095961107879,3.67392373908308e-05,28287.589386649
0.934507460448052,0.643777059557244,3.95349390243094e-05,28669.0101879626
0.927945284658677,0.833154788682458,8.35792759303772e-06,17038.931955739
0.936041815759392,0.686640703567427,3.05800212626103e-05,27339.7957876997
0.976889441885617,0.699827067839921,5.89815685178435e-05,28630.0335404476
1.02945089813347,0.637799985396997,9.94543855644143e-05,29500.3745945048
0.961954220877522,0.719225006590269,2.97286851118071e-05,27212.5960185789
0.952495531566309,0.75435979725744,3.35090758769854e-05,28402.9002524572
0.929027492350499,0.791879213568165,3.01351871256533e-05,29454.0090907147
0.896340810720227,0.891075752753324,1.34511343080816e-05,25840.8482832426
0.93461297596236,0.890367604688932,2.87061086716004e-05,35198.1534923333
0.897472369108604,0.82996259333651,1.1958997728884e-05,21774.6398351771
0.902414954053615,0.884781918350348,1.17001902774169e-05,23053.4873208876
0.918639020566379,0.857077295456945,1.66147572541724e-05,27222.2369833546
0.992628687418128,0.686782624313645,6.28186789745932e-05,28613.3592275685
0.959465904738055,0.767656114978263,6.21203252822432e-05,30493.9880805205
0.974781926961799,0.778747913227894,8.16134823946822e-05,31229.5775559152
0.991707305322152,0.574983953890995,5.02836723083471e-05,32374.4888167227
0.95918616239469,0.667490289581644,3.17631177086267e-05,27640.858894477
0.93393075495294,0.859539888017086,3.5102645223851e-05,34322.1068339654
0.992096543229753,0.650255811476889,8.68730578081249e-05,29185.1696475413
0.903861446985667,0.803955414186535,1.43174286374041e-05,23510.645162187
0.930222942835256,0.904199433764221,4.59996790601169e-05,39672.9159450864
0.989351693358199,0.57976922748888,5.85470739581604e-05,32115.6791564023
0.936392904305346,0.630361708470004,1.53864967948727e-05,26390.9161384193
0.905809569761419,0.855581019005402,2.41883578575567e-05,31637.9397756849
0.927381777645278,0.851291653872704,1.64108278442316e-05,26698.9550441466
0.90168254112573,0.89828338804936,2.04743912553365e-05,32747.7607790099
0.949907435252152,0.831030844631176,5.08773281895948e-05,33683.6039388295
0.954095644054147,0.823270582523447,5.74616951340923e-05,33433.7782681547
0.906281411808269,0.81306405588336,1.54803119097963e-05,24685.9942335629
0.958229953882917,0.793158064642036,1.3358216650719e-05,22321.4324737086
0.951973246077814,0.748437365844032,4.00739635888146e-05,28862.0761706649
0.942307903334647,0.643321048485877,2.80422057895353e-05,27932.4658044143
0.97528332894977,0.739956305502288,3.8054354643259e-05,28366.8735583384
0.923254327100507,0.899191431915581,4.0096885987525e-05,38637.1699680577
0.90752212664183,0.908584961443491,1.83191926129437e-05,31775.8257677699
0.951011060161995,0.651599037847992,2.8311015979677e-05,27693.8370204597
0.876030488729381,1.00384229537434,7.26029271219484e-06,17492.3519840455
0.910673704323047,0.860997855048639,1.53285764417271e-05,26360.7443589719
0.901165739341334,0.844058742119045,1.89410845072414e-05,28440.5079723959
0.880475200936791,0.848783371902176,5.78887845578335e-06,14782.3674687142
0.948767276498028,0.69795938676793,7.14828692482396e-05,28899.6234437672
0.914446173026446,0.74563290185209,2.87516026632917e-05,27709.8827064716
0.942213087988343,0.722678144670154,6.45638681831779e-06,19275.9415083854
0.915723514122735,0.637974356773676,2.38087618946096e-05,27644.2096757473
0.876707480330063,0.891638989995483,1.28684856699622e-05,25308.891780372
0.980649031283904,0.778157689796807,0.000102022802716866,31342.8020519446
0.91458701383193,0.696954163898328,4.58458153290018e-05,28429.4948820182
0.894483167782066,0.862476789247533,2.87115944411479e-05,33827.4620850118
0.927885747850088,0.72485614259646,6.43789713526962e-05,29314.702217219
0.905689926204731,0.83229550086107,3.37072457032004e-05,32623.63070623
0.912086910684027,0.797273656860383,3.9104341241445e-05,31158.106784122
0.944287943342184,0.739061747018159,7.52963358084555e-05,29784.9364274134
0.88758157218258,0.876682927243227,1.66357068508008e-05,28662.4446890346
0.991419291234194,0.658052288409704,9.08200849090458e-05,29071.4552498405
0.943530503465948,0.678174714299785,2.29370230007274e-05,26343.0954115796
0.950702869159928,0.75415667633435,5.28866751928205e-05,29741.9648235906
0.907477827071569,0.95052559901247,5.20768490178151e-05,45853.9250907979
0.979613103217101,0.68108986084457,7.65338716651525e-05,28807.8740440675
0.95994435906418,0.632726803934985,7.83875195836146e-05,29620.063613306
0.937715668138886,0.604110824691128,3.52618326644881e-05,30157.202273787
0.979626821347579,0.662527185273584,0.000103899618677533,29084.3343773005
0.952627341931035,0.708709947205135,4.04763086520474e-05,28116.5788770191
0.900498562603144,0.867765613222694,1.96326448007773e-05,30219.0984420042
0.926672410626416,0.786978207047238,8.09612474043953e-06,17181.3907436332
0.965830288437985,0.574347004490625,5.80163676868796e-05,32566.752214475
0.974619591030455,0.674260098191066,5.43215557955446e-05,28533.3387460965
0.970714782762198,0.653688940199896,2.66580701373407e-05,27442.1096194432
0.892939176840899,0.874696610879577,8.12526486064505e-06,16824.3405642674
0.908522601455574,0.607128754848704,3.85307636415139e-05,30069.0324520825
0.95812447875467,0.808847419225057,5.88280065103111e-05,32528.1111460626
0.93055413468564,0.689948576918141,1.97774626738599e-05,25442.430147807
0.91337626775755,0.755157230267831,6.88579326581314e-06,17449.5041623625
0.876758467634178,0.867272206964398,2.0502025841185e-05,31105.1577257929
0.889480494497566,0.772194515557878,2.19098860790168e-05,26922.6923274893
0.922960046550734,0.789944612429517,3.12976452304961e-05,29631.7325669779
0.901581172481296,0.771966676138928,3.74125824592762e-05,29852.6540506028
0.918844261912909,0.761701677890556,2.34700810879068e-05,26928.4783426173
0.937663208983944,0.747744649254174,5.95112292930164e-05,29813.0224655409
0.944375868485271,0.691905595530445,4.15885015040781e-05,28122.6129884233
0.994519084963708,0.56732986708428,9.92615991317145e-05,33234.1863009313
0.873980606314014,0.904888942689603,2.26894009496758e-05,35171.8735242613
0.890923685342759,0.938925324855926,1.44823592980096e-05,30045.1788031719
0.863614783838334,0.911891080997042,2.86785964165401e-05,38715.7319171646
0.903013590646109,0.710846470679974,3.79309678053071e-05,28160.4634889231
0.980975649590279,0.713897285836926,4.93427263224932e-05,28494.9556966049
0.876074450796151,0.860159476164142,2.1871959287053e-05,31395.7475284323
0.930590245201083,0.783788836533686,6.2460618587848e-05,31524.9534705759
0.896915242710236,0.79129103567151,2.61470614385554e-05,28847.4073155897
0.96403087809958,0.603352564513745,7.98065514678184e-05,30843.4753028458
0.962498831927552,0.696650120044374,6.7713821678519e-05,28796.9521278625
0.881211784285518,0.965872354253783,8.75778665607005e-06,20359.816836301
0.87460784197251,0.847837930419484,1.54839330661188e-05,26301.901372948
0.898292289639078,0.893563887028831,1.85671366723615e-05,31136.7128498506
0.947456583146482,0.781738798509446,8.7697163050648e-05,31691.5988165642
0.881754076587245,0.857244602348719,1.77302009402073e-05,28567.7330240194
0.938940804109558,0.759667723004973,5.09755899024531e-05,29951.504515485
0.901427977032952,0.794189091111005,4.99290812110705e-05,31932.4087385486
0.920161386953927,0.768500647538036,3.0945994891077e-05,28722.7573550454
0.943476450315987,0.820362692406715,7.22478760376015e-05,33832.0215142024
0.884560622595529,0.917269348152701,2.0030250428194e-05,34210.4357123842
0.93176816576216,0.70983707475431,3.36639755979253e-05,27680.3002260334
0.909029956659212,0.815281221068944,2.56072622975165e-05,29714.0318467158
0.889087236128197,0.842745768434695,1.42789569911729e-05,24782.40883958
0.867705486752172,0.721122104426975,7.2809568566793e-06,18675.3257627263
0.941228486208395,0.689901459634828,4.44159837064456e-05,28260.6141040985
0.884292012362909,0.759914436300039,2.14611505920727e-05,26462.0237894734
0.920081547105689,0.811133079564647,3.47691501108758e-05,31298.519296928
0.888843052068945,0.823530222297339,3.97805964384414e-05,33150.4317043751
0.933501790620495,0.79307363510035,6.06004420738715e-05,31946.1790519014
0.925927796071458,0.752808359888438,4.64053323168853e-05,29573.1481743383
0.936567178419658,0.869938152889656,4.81844209326126e-05,36664.4306035181
0.888917500729527,0.864123797329271,1.60641704422285e-05,27450.8509837548
0.934321714983801,0.77852532912988,5.79377379620304e-05,31082.3525624799
0.923662310560797,0.675771744962096,6.19819112186454e-05,28779.5256181966
0.947404367416528,0.715192673344458,4.87604671542587e-05,28611.2635290204
0.933382142234672,0.695280311580925,4.68070539837428e-05,28394.9429677849
0.927051156361423,0.627063540847266,4.3853134656611e-05,29368.3825749141
0.945526804715793,0.724015151074622,4.74435542658156e-05,28718.7789303417
0.928673430294667,0.737015397551445,6.71097018156639e-05,29689.9873956289
0.888786771788693,0.799068012490371,1.28220620850548e-05,22118.3827343867
0.950697543062824,0.737289487309193,4.08486133772988e-05,28626.9108745435
0.93495155198862,0.63696382829825,6.42170744635556e-05,29403.2157166033
0.957050325889199,0.721260744115902,6.44116267039921e-05,29095.3375211268
0.928439612557599,0.774132194834765,1.46270520610215e-05,23110.6756243935
0.957233751451544,0.793307437015408,6.05060435301484e-05,31708.950418254
0.908885801582199,0.829974620610848,3.86364898342352e-05,33146.6764817418
0.971209821016001,0.7652081002368,4.04134424475316e-05,29316.4559021456
0.937793597551032,0.62175298527938,5.61517671135494e-05,29819.8340134772
0.877084436062066,0.752418178134981,3.91729581712245e-05,29434.73819769
0.875495654810483,0.944618990957012,5.00693210964824e-06,13813.837007281
0.930117362560521,0.880131346065336,2.30012744228642e-05,32361.7792610702
0.918980530042767,0.913774619321159,5.37285606538569e-06,13995.9911944983
0.935773301057841,0.894375961671941,3.39521827394663e-05,36848.7221171577
0.957906678340494,0.813355401050249,6.88052402061285e-05,33105.6773688201
0.959821237581861,0.838075460535454,8.75889962508023e-05,35126.918141605
0.882864478040088,0.82589207354842,1.44936311964385e-05,24436.1201976847
0.905956128095865,1.03053344819025,3.79091264787618e-05,53197.8638083993
0.937377029982028,0.959707193990774,5.6171924454617e-05,46273.5107098965
0.884729047987863,0.869815015464137,4.31597445835069e-05,37243.9547409218
0.948044118578575,0.755245565868534,6.49890150695703e-05,30144.8974585724
0.992768557929204,0.696177482547457,8.28826558139634e-05,28870.3195271795
0.87225557338372,1.02725630516871,2.31543002087413e-05,47562.8104989447
0.988365941449006,0.872885611777752,6.79175072373828e-05,36975.2225665211
0.869436381510672,0.924082674344262,3.03860316216479e-05,40307.5441618887
1.00131882565645,0.769043102884654,9.71200491233819e-05,30745.2663872797
0.884146241896579,1.00500441115523,3.05413511297323e-05,48579.716488656
0.994842160923452,0.680749353963214,7.87935997146065e-05,28797.7614754724
0.897506096598479,0.7861330360669,1.79265967372502e-05,25532.3145268665
0.905070213735847,0.896792548075869,2.74991998516247e-05,35937.7392806837
0.981863303461375,0.771558752092564,8.77467419285207e-05,30911.260322733
0.951826311424704,0.914264288189782,4.57109055032051e-05,40084.1527035572
0.920759114405742,0.82346435802486,9.14108718592094e-06,18044.2354561614
0.893558330553958,0.926964751536267,2.90584773749614e-05,39443.7201122947
0.908204760188747,0.865057749006056,2.20940725140765e-05,31298.3141485362
1.01927414309042,0.652818037798689,0.000106231617826928,29188.393377563
0.897496319571344,0.939566539884203,1.91355936414183e-05,34964.3194926613
0.911124743385538,0.934440861277845,1.60484693354558e-05,31285.9475584616
0.882957305091568,1.07895418093346,1.01150438875173e-05,30539.5561536578
0.928525442427149,0.814425217097476,3.64620248133081e-05,31621.2560736092
0.882702176721633,0.972181693776711,2.82872348963672e-05,44003.7754737665
0.920142934285063,0.916898616480246,2.77348298374063e-05,37369.2141987913
0.919715426670358,0.983424868572376,2.25192805577001e-05,40734.2340183623
1.01279987263961,0.744350643935022,8.30798009850257e-05,29679.4891117757
0.964092926798886,0.894635916357804,4.10616938030697e-05,37462.9144293286
0.939561173328359,0.868747788773929,3.81314175448028e-05,35405.0645466145
0.884549040090702,1.01069575513863,2.51744068383837e-05,46528.3486207096
0.953311281260536,0.806423274397809,3.95809981803349e-05,31247.698588252
0.896072490300774,0.889765420715716,1.95192920376453e-05,31624.3088521156
0.903456005387278,0.928987844421117,1.71497865045797e-05,32218.7457064018
0.996940117885999,0.805335187576132,0.000107021555771261,32674.386941571
0.843502172160963,1.09187291929509,1.44080786599882e-05,44805.8229827856
0.951038129165944,0.68852324179725,6.83683516048248e-05,28796.3704958646
1.00135583440212,0.853074137155188,8.81015580992631e-05,35636.0066080423
0.86604652405462,0.941644157504756,2.56324573784316e-05,40195.8247442237
0.902023068490977,0.954241676640498,5.85361332351593e-05,46999.3804459675
0.94625618627935,0.849144316428545,6.50140469089408e-06,15101.3595045679
0.903097116147163,0.96817964143238,2.06207658222325e-05,38452.9802631872
0.956966919193726,0.856758710342732,6.77315330742602e-05,36209.246304874
0.886045085599932,0.953987354380533,3.80382120386124e-05,44947.6267377246
0.944862941302827,0.78877953607984,2.80649274155084e-05,28768.8953353462
0.864092407420485,0.871419476822084,2.06177948146636e-05,31674.6564900803
0.946247037428509,0.966581405301766,6.95852072987581e-05,47577.843081146
0.894018304600615,0.891867546442128,2.75080001195406e-05,35780.0858325681
0.890192674095084,0.886037380004633,3.10418631870206e-05,36447.8955094191
0.89818314523591,0.87770610394628,9.55355652815233e-06,19351.107328043
0.894239079679736,0.911950737687589,1.85321400630263e-05,32443.1235140928
0.906786972132729,0.889803084009653,2.37030800034321e-05,33807.3557394268
0.887155551047918,0.895335114606603,3.13963009281852e-05,37426.7816753795
1.08864383636672,0.638997886973505,0.000134867831017239,29509.9737274948
0.935195452030967,0.942855826826581,4.22433151465717e-05,42953.2778053686
0.965028514633868,0.821818338226646,5.25831268284013e-05,32971.3819292235
0.900213409367548,0.786065467373798,4.27342226613647e-05,31024.5248724828
0.899889540933418,0.949447225992904,1.30978967139676e-05,28476.7005354192
0.901761110788112,0.90180327828504,2.82822035067698e-05,36706.1419066458
0.929646191548028,0.996100425215152,5.59347348195397e-05,50832.7255266383
0.85527744437335,1.05810080610119,1.62343731900108e-05,44111.0243123994
0.883795792092582,0.88895527025573,3.98981003540815e-05,38602.3419798467
0.908985660870642,0.89739130310045,5.28303539023694e-05,40133.4404802309
0.954088853494532,0.779116755007437,3.83192041872657e-05,29797.454194595
0.871817078198284,0.948682617529548,1.49543955988586e-05,31762.7632317225
0.887679619857036,0.890376576989552,4.744087182862e-05,39532.8223442254
0.868026202581927,0.910798420179806,9.97265125491205e-06,21268.5433461952
0.902301539239287,0.942146283240458,1.8078155578085e-05,34116.498268003
0.986968475590023,0.781494932809887,8.36224882985787e-05,31286.1636707791
0.878074022333795,1.02022795878216,8.35920230669146e-06,21447.8918976745
0.977857423370902,0.717899241599649,6.62343859383907e-05,28982.2557945001
0.973637709828999,0.820126158290288,3.0939712039379e-05,30533.2289921524
0.958768705609778,0.723333819091194,6.49007110310642e-05,29139.3211098466
0.909553333464441,0.844521538356999,3.83582739092502e-05,34127.0548335653
0.856822437428662,1.02283379549621,1.19581999157489e-05,32277.1540538117
0.895983622780325,0.93233283383929,3.25946086120951e-05,41014.8124848154
0.88025665780126,0.871998355762951,1.51232949523089e-05,27042.716910908
0.930638581573025,0.797945040623947,4.13893161356561e-05,31208.5154843423
0.953283201565539,0.891726243477605,5.13324666651876e-05,38459.4259233117
0.959433356536918,0.796373429625846,8.57909626708435e-05,32354.90630727
0.885622623798129,0.936235229972297,5.49826836380169e-06,13664.5691724959
0.917936187891111,0.806474971662066,7.93080503573993e-06,16707.0348643426
0.996632213219987,0.759221854234709,8.38250063216135e-05,30267.5178627893
0.92550388458999,0.807261851739909,2.28427906667326e-05,28257.6417981797
0.898626965855878,0.885128373741488,1.73264082613046e-05,29591.778487032
0.916455044625083,0.72607573827345,2.70435936534466e-05,27043.4067348156
0.929177357299303,0.76245685733787,3.48889845290154e-05,28976.1120289341
0.95220877837462,0.772395868638355,2.42918765477494e-05,27248.791303178
0.994345127450824,0.829459160183132,0.000112734654091863,34269.2839032713
0.925313659925967,0.848569581444575,4.02128947155389e-05,34394.5186573392
0.933522792543531,0.804926187337762,3.30107258677391e-05,30537.51462167
0.965738299370452,0.84282738062613,4.38196430871609e-05,33735.2116950891
0.844894707559369,1.02296781713129,1.68813326840896e-05,41812.9059703582
0.910759052910419,0.864099060578385,3.86985627885931e-05,35660.5429375987
0.916218226657648,1.04079618724953,2.43042174077466e-05,48039.4048771739
0.932904317908151,0.891142330943336,2.96146042207709e-05,35564.2967029152
0.898345561049009,0.888638284097025,1.54269484290663e-05,27997.4939104107
0.889005670932336,0.960784120909052,2.964620327835e-05,43146.2791631142
1.02116615414913,0.777470309187812,9.31222256938404e-05,30939.3926687839
0.902386593490295,0.989418829363945,1.06949757700574e-05,26070.6632919121
0.890472498103915,0.973915087259045,1.40107818875216e-05,31785.1062966592
0.895781352697921,0.976840273952396,2.1398436445754e-05,40069.5086129737
0.931495495388591,0.877323447471919,5.73437376342611e-05,38011.9817071782
0.889141395357902,0.87265437394696,2.29333358757599e-05,32540.2125792478
0.968768745916206,0.805295180055323,5.74545146836897e-05,32149.5216660227
0.927638623260722,0.829919611361954,3.46609403105305e-05,32311.1140668426
0.865943555934491,0.897043227870384,1.46339134099784e-05,28064.257940127
0.879196349916346,0.986515313278425,4.79259486425464e-05,50760.6711704014
0.930800245026354,0.929803987950558,4.75669945132789e-05,42400.0284863778
0.998187299970103,0.770246546441266,8.82187617840169e-05,30742.0223788443
0.878373625463715,0.982139440919557,2.85180662570979e-05,45341.3236895907
0.927174988989128,0.960781596004445,3.65676443821175e-05,43995.3680078316
0.888334699985066,0.959865212197264,2.23647787656324e-05,39378.9406189188
0.920683613734578,0.874029668349292,3.57309254875701e-05,35802.9689029389
0.955907933318824,0.906674509076062,3.54896905387704e-05,37787.4442826357
0.961403474715394,0.89284666493526,6.45973304129067e-05,39122.4919389631
0.990190591515597,0.782184401548248,8.27006707723988e-05,31281.9550260481
0.867538533366216,0.95056683233973,5.55779424820754e-06,13597.0849043877
0.912185237617291,0.880652246331574,3.93986980864626e-05,37119.9930693924
0.868087367609694,0.908546836737085,2.80978795219458e-05,38074.8373519695
0.987766238905767,0.804676355562551,7.39991806486758e-05,32357.4405090411
0.907133678319335,0.94087822832687,1.41439670758931e-05,29398.9344455749
0.882983969636578,0.96590816210592,1.72916160752066e-05,35722.9852344097
0.900766278682576,1.05684805187619,1.5842000638309e-05,41523.3678171649
0.852757776143634,1.00205619634901,2.42860513944198e-05,46282.6805092903
0.861376575043482,0.982053777712652,2.36977213910834e-05,43357.9684407392
0.922562072081646,0.917600421151852,3.12893633644654e-05,38531.5160651803
0.836641688527572,0.993415429545737,7.56710680483342e-06,18394.1170473847
0.908507788151212,0.795466536937908,5.54943534960856e-05,32186.1264409675
0.938484130197583,0.90645987687429,2.8188950159732e-05,36239.7002455413
0.874211008481631,0.8992003658229,3.7194765664903e-05,39396.4138720641
0.900308871208071,0.835278133444217,4.7946309013394e-05,34559.0556559319
0.930801902416413,0.764411996131256,1.08568948538664e-05,20059.9926716548
0.858681500092068,0.900838128608855,7.56138198104773e-06,16129.9438861908
0.886973002813322,0.948173875097831,2.58236477621707e-05,40287.4519203875
0.879702461156767,1.02390061626356,2.8581106351505e-05,50139.9905231753
0.87147379121994,0.850274910284894,1.60868305125213e-05,26997.299183821
0.892533332899421,0.873668698343021,1.36449889422668e-05,25318.8480817713
0.886818812753363,0.87477407530632,2.92318261069681e-05,35085.3700810217
0.879208036912933,0.994120546675845,1.42806725718814e-05,34057.7029609743
0.918023595838479,0.753809149053189,4.27843462390319e-05,29449.1339734728
0.89699069464859,0.994410428087119,7.51551503161425e-06,17798.1176675501
0.871265460692205,0.955750130064783,1.42324280216267e-05,31248.1931713431
0.849250821448459,0.913285134322008,7.30962692489587e-06,15824.7140288017
0.963138097226464,0.794782109794217,4.57216894839517e-05,31046.0933824917
0.865370880020704,0.962788856584871,1.23662951285646e-05,28678.6958508524
0.933059883372584,0.774563434525839,8.23448055619794e-05,31398.5021053336
0.908385018029217,0.918895644055784,7.91720634467204e-06,16988.3373293377
0.932695130902606,0.861379481233662,4.55830244907092e-05,35812.8480362073
0.847007586708193,0.985960577291175,1.19020623100704e-05,29690.3543397224
0.960371431616617,0.727420191203809,7.96297353273367e-05,29430.1173417528
0.866360988789924,0.944373859966384,1.73283314398751e-05,34416.3525778447
0.912403045573981,0.957941392733336,1.14722292355455e-05,25863.3506406119
0.903703561180447,0.893141084440393,3.30824983144832e-05,37262.2551214121
0.904880643318138,0.859695177471498,4.60620266845659e-05,36249.3160804984
0.873943189400606,0.873621361008095,1.92614160036889e-05,30773.2711463666
0.872013484683848,0.898789970205239,1.04009673286715e-05,21640.2217659745
0.90812577810328,0.938863008162645,8.78850335492171e-06,19341.3333033673
0.927587657993144,0.818255595547037,6.00028184185722e-05,33558.4907066134
0.863618736059272,1.03192832522614,1.97152217484751e-05,45433.2024650293
0.865032406651143,0.881969846389074,2.08899865952278e-05,32563.5181311981
0.869928870886854,1.02115474566141,4.03885148994537e-05,54294.2725031606
0.881886273983792,0.930410828938239,2.27554094126234e-05,37148.7084096502
0.854763978386771,0.982632067324792,2.66601913246315e-05,45393.3446850637
0.897183706987379,1.00281127282149,1.03755853865797e-05,26126.0004597075
0.837185302123908,1.02284889901444,1.8357166253071e-05,44022.4415364549
0.843442736849283,1.00109472191629,6.97174808632077e-06,16834.2112625075
0.824990303257426,0.998937252178329,1.68403069152682e-05,40050.5050963929
0.91177767083141,0.932916898784403,4.89315664110674e-05,43428.8961789577
0.994987839008757,0.75016873750488,8.62955422890227e-05,29981.2370064546
0.887017959216809,0.920890231918551,1.05171609767036e-05,22567.7420310994
0.866123815672778,0.857770318337439,5.82696219900049e-06,14529.8987241836
0.936040678739839,0.781739057743205,5.2622255893116e-05,31022.9452383443
0.938127549883838,0.861646243734771,4.92387478442865e-05,36037.3916157971
1.03753395061456,0.682663773343957,7.92760374131467e-05,28739.1505983392
0.874392377663326,0.968503509430699,1.98387982578986e-05,38695.0744031658
0.897728769343734,0.916212396429605,1.9113222412097e-05,33148.5951702787
0.870009460071616,1.00167865466786,3.24526649734225e-05,49514.5375321723
0.966850218085077,0.801863904100491,4.17526908973982e-05,31069.5829743676
0.918025070347238,0.875302224827152,4.59519187979246e-05,37299.2612161731
0.882036895092446,0.915296280541314,2.98072171911528e-05,38919.4714533932
0.899071068093042,1.02430849755511,2.68862650379308e-05,48468.7678603958
0.900247468986291,0.900135691651894,4.00884275909368e-05,39287.8588850058
0.948907206923517,0.780971124946679,6.59504364782389e-05,31292.7847378867
0.893756833622042,0.860886040274436,1.5309031435212e-05,26524.0123720286
0.889017063416593,0.909814302127556,1.73667371657245e-05,31375.0232814985
0.8877739976596,0.791931191381719,2.71773637915399e-05,29226.4218786864
0.879836361083102,0.945075609728848,5.46641614428222e-06,13603.9214128007
0.908411487163854,0.82184851439172,1.38269165518679e-05,23510.6469398381
0.876414870195017,0.919691978697245,2.13290108735051e-05,35493.8631227643
0.84669276447546,1.0243256524927,2.08205356650383e-05,46384.6578720742
0.872785226075525,0.936777705756318,2.16513250791545e-05,37252.6416281145
0.81894567290857,0.970381465665178,1.08997551996358e-05,26965.3241229653
0.879827252119652,1.01674015513609,6.91416574383434e-05,56688.2334534702
0.899173111264308,0.901256018937849,2.9014517709437e-05,36962.6505482358
0.888844213290871,0.862488533359232,2.45515046095717e-05,32530.6761797081
0.957191821961936,0.885464235190812,4.01299816602959e-05,36702.4785785235
0.89856885219505,0.926968647633683,2.90495817149423e-05,39302.76806049
0.896836709961738,0.781112922308773,2.87725006157652e-05,29020.4570093591
0.961377596067947,0.861066296298203,3.43397125197274e-05,33846.3382094139
0.925597837863039,0.777344699610624,3.61490747165623e-05,29731.9562434549
0.859151296042556,1.06477975893549,1.28769112684979e-05,37941.3618163252
0.870525464583498,0.953286833358831,7.46319401594856e-06,16770.9945394251
0.934232695793184,0.86875697861054,6.26095159541372e-05,37448.3475780769
0.868594651496462,0.951010260207904,1.70845863079735e-05,34636.8904435236
0.911500392480934,0.954044298161079,4.38685218789424e-05,45138.2497513509
0.910634311750926,0.795450348390509,3.5835185220334e-05,30699.974107646
0.947970189899649,0.709126347433863,4.09211689717987e-05,28162.9244158249
0.893179860002641,0.84621948031016,4.89519889831111e-05,35606.2366874462
0.860441174746776,0.986940224104139,3.51572797791024e-05,49017.0722876755
0.905169536927174,0.869720671583175,3.43603074065931e-05,35508.8990877432
0.954287615200483,0.777006514583363,4.80872428364602e-05,30417.578899859
0.900132565880704,0.935714023234538,3.42658872610412e-05,41677.8979930845
0.928449983030603,0.739530703766267,1.74680565654014e-05,24392.1673605713
0.964903891362048,0.877836712843525,7.81265986091967e-05,38111.2767407549
0.901760122148891,0.804477009206689,4.37569760826574e-05,32125.4230914879
0.894297755817691,0.87494818036433,2.91173405408806e-05,34913.3408577188
0.841508618330417,0.98117737801294,2.73039456878287e-05,46080.8477619289
0.913793485981282,0.932485603742793,5.15786509880133e-05,43568.4352725901
0.843771048539213,0.989268960965424,9.85873070921639e-06,24914.9754491221
1.02913625884643,0.674444834528241,0.000106586109108686,28926.345375179
0.843450537499401,1.04350357004269,1.26960055161109e-05,36151.3966661149
0.84214534279284,1.05851333845818,8.60108367272632e-06,24797.2946864175
0.865215317045821,1.01174405560162,2.45767535419451e-05,47062.769634532
0.841913947128178,1.01337685763743,5.41422316934635e-06,13736.3891444016
0.905505738587712,0.896208637022732,1.62430291073004e-05,29151.4314944713
0.879055915516103,0.974323561189865,2.92408189758709e-05,44771.9598061283
0.8895772255847,0.948054438458024,1.66740817264295e-05,33433.7638476205
0.918200532426042,0.931531197069151,3.66532022376626e-05,41284.8253768796
0.900996691158374,0.94303139966787,3.51463507077495e-05,42619.5233982114
0.860435443929862,0.981275460857436,3.42951216126934e-05,48077.2841680794
0.974096465932722,0.773807635949303,6.64609430664841e-05,30753.2591371778
0.934035441393105,0.803623549669232,5.26723568021039e-05,32239.3373992745
0.950975358313792,0.717125560120968,7.70147389263332e-05,29221.4600258909
0.88733579510321,0.92248672482142,3.44733396161321e-05,40774.2655831235
0.874557521088381,0.935831809050812,8.06243670732731e-06,17769.4778298312
0.961323988997276,0.781578830765997,3.0157283455851e-05,28766.3797127542
0.930292474892894,1.01281680979622,7.01562817247337e-05,53930.4810125264
0.911061270735122,0.841941863651124,1.45678941667463e-05,24849.8139261243
0.919260253496098,0.844018282751703,2.57261223867277e-05,31251.4927850715
0.895362510363955,0.899525617979573,6.21523205792119e-05,41254.709655004
0.883938940476025,0.838993899250195,3.73246756995277e-05,34013.1963662753
0.879706213836876,1.02205969992528,1.55103621166631e-05,38434.6696026714
0.943943418995985,0.917233857835677,3.32052697498852e-05,38486.4607488107
0.870652448168289,0.906569773592593,3.20304517728724e-05,39059.0583232304
0.966503612309649,0.696017618647041,5.99584869865473e-05,28654.4257049512
0.936374031720399,0.860193721539348,2.12053824955229e-05,30139.3345055812
0.885345487950838,0.903232607709042,9.7514187141483e-06,20448.3378080108
0.876749777491035,0.895322546976933,1.16478242377351e-05,23624.6614188969
0.942689617963943,0.893187853005056,4.93890965072274e-05,38669.059686958
0.865723779965101,0.849642594141456,2.00233740245071e-05,29890.6793761185
0.944919576600568,0.749952109819449,5.08544071318664e-05,29554.8654122249
0.941471934392782,0.893032187605223,5.54327436769699e-05,39117.3998358512
0.962486994813155,0.830447998696032,6.22289809263661e-05,33983.1930500479
0.919787397425885,0.795033298327914,5.53939871655658e-05,32024.1139856045
0.944158707778614,0.768995244832654,7.44491030861341e-05,30924.2237271657
0.941234760581158,0.868398458641273,3.18892782108147e-05,34223.7485290359
0.852175515183037,1.02136836733936,9.65001351004427e-06,25983.6116241315
0.881491869266657,0.929964197521251,1.41762035724903e-05,29217.4867214625
0.902410418212573,0.897775278081264,3.37327149398482e-05,37853.8761767975
0.901805673419282,0.859477731094619,2.81707996238589e-05,33318.9541749066
0.863867144861931,0.940285556355347,3.51316825235868e-05,43522.7240828272
0.824507458130745,1.06936950195471,1.46281073197963e-05,43722.1510280125
0.903447656771342,0.833143697051487,2.60530599699612e-05,30916.315799674
0.838750200403353,1.10780517920171,7.41562998787524e-06,22719.5901689015
0.96914109445246,0.727706284550799,4.1036314539249e-05,28354.1094487506
0.890417108324147,0.917012978424389,5.03152282065516e-05,42464.6247033147
0.890409209949567,0.953109694946171,2.23649894625133e-05,38694.865093817
0.883971117915013,0.871278384004286,1.37818077795242e-05,25467.9605392387
0.959819375048417,0.77298107048504,5.13339062611829e-05,30354.273824259
0.905375573781985,0.91805703598826,4.19356957262714e-05,41202.6755739744
0.963757578636981,0.821581014987134,5.53783591796377e-05,33107.9281352333
0.905621286073709,0.929005462461232,4.3510413199434e-05,42556.3139665912
0.857988902296104,0.841346056595065,1.17827614785239e-05,22055.6909369624
0.921985004125855,0.725542224898908,4.96925636599878e-05,28959.9846662036
0.875139627640802,0.961814521115282,1.10585868937458e-05,25794.9647750727
0.86624222665856,0.886760452339265,1.57149499599554e-05,28673.2952045807
0.907802704856149,0.800797965097736,3.16207835357903e-05,30371.1743833463
0.928696477329313,0.881427169320743,7.36303397357175e-05,39077.6535485917
0.924249535014289,0.870891062487388,6.32441733336249e-05,37864.7539458277
0.899005056907574,0.893078902275101,2.27682676568218e-05,33748.7406848074
0.843745458903274,1.02607563683537,1.35164593161734e-05,36421.1095737087
0.896760737323695,1.00222516647935,1.78294914961189e-05,39123.5437475723
1.00663373225025,0.609578004471874,8.99362412918297e-05,30523.1940954522
0.905795032886693,0.794503068943275,1.95697462839837e-05,26574.7048844891
0.932239600563799,0.835554844225352,2.52629681523029e-05,30424.2830466561
0.900669779538059,0.939923710074017,4.13211084290754e-05,43544.0266949994
0.87626291553082,0.898417916088373,2.67459987753242e-05,36459.7281530606
0.892139359923839,0.858056335956988,4.09545215552542e-05,35828.4571022248
0.990039364460942,0.667585714895031,6.8321210115081e-05,28785.6705935349
0.909059662770239,0.969401868898842,1.2545314801691e-05,28595.2111726604
0.966299681871827,0.792013817751358,6.24047617317595e-05,31607.3643821704
0.930406509432356,0.883247660792553,3.14408160598404e-05,35468.3833587309
0.847798693515624,0.933701534100455,7.04889184301668e-06,15587.8603407922
0.860132145869412,0.948418651387165,1.08486610080139e-05,24857.7988163116
0.996499519515106,0.722239539621966,7.21185885769877e-05,29082.7034075384
0.840923930222055,0.894862683805658,9.67149044396888e-06,20339.8887638697
0.868599360674673,0.903951402409159,8.48445810503256e-06,17994.6694125226
0.949459787724182,0.695028945491598,5.29685042347319e-05,28540.2898419482
0.938461836637161,0.880588605411447,5.38393103687982e-05,37951.5111281657
0.930098052111424,0.80967677321557,7.02213019889087e-05,33252.7357848733
0.847387236901103,1.04271624190006,9.82723937653541e-06,27979.5992141812
0.919404243863818,0.828118271545674,4.80872398985642e-05,33748.4365088783
0.912575481284666,0.805792036170397,4.8300501525802e-05,32391.7653116532
0.912760938101466,0.837368336569884,2.03798952161524e-05,28766.1614064063
0.855425035666077,0.97050663830657,2.09815386753712e-05,40440.6761342103
0.850159145940511,1.11552951266897,6.89009183794081e-06,20642.762163101
0.908281892671775,0.819376980867883,5.52241902404974e-05,33712.57623518
0.949086221691472,0.825394403714182,3.56598738816703e-05,31898.9580414474
0.859968372404015,0.955983293353671,2.0888356484299e-05,38822.0149480784
0.910992474439587,0.851530640518159,1.75906496403473e-05,27793.0010748668
0.884922725116457,0.867556195431944,4.01869173883027e-05,36679.0716704255
0.895685715856045,0.897829917333989,2.36869865010485e-05,34640.766753278
0.905947756665127,0.925517048153358,3.79644330027655e-05,41291.4863023805
0.887500517642337,0.872903379171944,5.40578797457827e-06,14559.4180745146
0.90835268844502,0.931058766220557,5.07581200390312e-05,43502.7468291957
0.907486758924037,0.778107489089391,1.43532848795123e-05,23028.7672122416
0.956454376273124,0.802849931677752,5.2788011846685e-05,31946.2655199748
0.926148879737744,0.882574123612922,6.31139467664055e-05,38880.4430866721
0.938549853494138,0.917734912872041,4.64432974576196e-05,40835.5962103977
0.873170631293766,0.824267130188228,1.48826737628563e-05,24811.3243855294
0.948013594374115,0.813876721058136,4.21287285449866e-05,31974.1068687802
0.875329290679107,1.01372036516372,1.40416751598929e-05,35368.8485121881
0.89149677248983,0.884641246616826,2.619890864859e-05,34772.8012969612
0.892983544883218,0.953998391538728,1.59165673342517e-05,32921.500402369
0.830147136010775,0.976887267024099,2.04827941087778e-05,41557.4379213286
0.863124183087457,0.94528567614771,2.84314694784624e-05,41912.0406472612
0.840938259839954,1.0236684392834,6.54653700370222e-06,16252.6123795377
0.845253355424715,0.971585065058719,2.27472017916098e-05,42204.2180143968
0.863214975321064,0.859280470241594,8.47777319943259e-06,17289.1757126557
0.88798136690217,0.857371000495118,3.1127804581604e-05,34183.8502491233
0.906823679955498,0.765473407841784,2.53569984320176e-05,27609.1086263282
0.842237936761378,1.04982987691152,1.64267122358733e-05,44093.5295901341
0.89618518137004,0.888336205472893,4.34428194933985e-05,38705.9259953791
0.852963307389747,0.986113810816728,1.74010036507279e-05,38538.4965206896
0.922204260212503,0.803855602277427,2.3355735668815e-05,28320.5294945806
0.959366683616709,0.860746205088361,6.36019824945717e-05,36349.3483476574
0.9026861005969,0.958816683005856,1.73613687580369e-05,34706.0605553984
0.879137282900097,0.914391819054455,1.52066455155013e-05,29588.0314231403
0.895557661089179,0.896732748250632,6.68516327737787e-05,41163.6129483772
0.930370137172015,0.808109972741802,2.99323518095153e-05,30175.2904942902
0.873671871398925,0.9393781137308,3.76390876571555e-05,43671.6539281767
0.926303843559126,0.942526592587193,4.49493745522465e-05,43570.5487167071
0.943750298592751,0.91365072610811,5.25752659202553e-05,40851.8738719194
0.878424165204474,0.888117092583028,2.18737407468982e-05,33318.9799707565
0.887674167140812,0.981918295613042,1.59712429680379e-05,35329.2032035214
0.903330549298643,0.940801820135172,2.78935494258385e-05,40028.1394344321
0.982011975455584,0.761428553406388,6.78023262807206e-05,30211.5702114464
0.884520202130485,0.976146197162359,9.55784184065496e-06,22829.680323403
0.91149068064449,0.901150777839308,4.04811365135475e-05,39161.6051542326
0.875534196165148,0.976686561360067,3.53745471434895e-05,47250.1703970907
0.89813179028022,0.859781763214805,5.46170565097671e-05,37010.8718796571
0.828425528714456,1.00832171358917,1.44345544685687e-05,37092.405895063
0.911730848982309,0.851151361526586,3.93260372682093e-05,34711.9669917721
0.867373181717479,0.974589303006932,1.8405706271742e-05,38124.3441705862
0.889816397348673,0.920529547185904,6.33664880701739e-06,14294.7721768215
0.87628624126892,0.905053844219111,1.57896578363752e-05,29706.2615621959
0.884869931706698,0.918327290859652,3.34123474415058e-05,40170.6538595896
0.882377332699782,0.829926097699706,1.9704462567674e-05,28387.3217076565
0.923047681496291,0.893136383712348,2.94378752416868e-05,35877.5893678192
0.936919386277076,0.90147273166,3.44574937159275e-05,37542.8708732666
0.910146485984949,0.862868148753123,3.44668041575005e-05,34888.3196352899
0.952987767219796,0.797625761759672,4.0947512924367e-05,30919.0923298455
0.929556122978131,0.825915047173965,2.53428347409623e-05,29952.2960198644
0.861672627474976,0.976927507611918,3.76047324445681e-05,48396.7790579305
0.85859986178606,1.0317608929103,1.28282339750755e-05,34957.2814293291
0.97427650660665,0.744271433309352,7.52020866052495e-05,29777.1784089489
0.882652463787551,0.828336943574494,2.31949648090423e-05,29924.2507996031
0.964711397519896,0.84414712505143,4.81524788113108e-05,34197.8720878113
0.915619019884798,0.886508088025167,2.47063767953921e-05,33833.9894320519
0.903720921924133,0.854041154307259,1.01933797980025e-05,19891.4829368197
0.91273404500595,0.921422856294589,5.90725181039455e-05,42929.1613269228
0.853861792794518,0.953117093353841,1.0967528224951e-05,25464.8847689239
0.895728825058498,0.840813982661236,1.55978002698507e-05,25880.4680093314
0.926834766879811,0.836588166904783,3.54684645525831e-05,32882.4415293647
0.87960592259086,0.911791895481105,1.05923290391482e-05,22419.7758225824
0.894961213276531,0.950110242221945,9.55348605674146e-06,21596.0461606413
0.870949717677887,0.923190713169532,2.09572956424279e-05,35667.589223235
0.886732284947728,0.891683779690369,7.37810386928383e-06,15703.857848838
0.95552766962254,0.910067895525275,6.15782235676111e-05,40761.7230151832
0.917419702202864,0.899403067584888,3.66934297601589e-05,38242.6794105824
0.934732895563897,0.733391376459442,2.78998866801529e-05,27216.1337719226
0.921045458152504,0.907133932866877,5.04022028273295e-05,40604.5177988786
0.986937336081325,0.783819520859879,9.80340617972119e-05,31539.0946930675
0.864969338365406,0.971005117131667,2.63480805640813e-05,43583.5482146705
0.897232809364976,0.976324731714152,7.38446207683339e-06,16978.0355510139
0.903539021206392,0.98399223527417,3.03618479004328e-05,45392.1671591239
0.863903836417821,1.04863705657127,1.35895111952797e-05,37918.2596642552
0.875516960611118,0.922393036866811,3.10246459259421e-05,40168.518003932
0.875250267646205,0.918532469805761,2.32703527415484e-05,36591.3569614785
0.889553588447333,0.89435441639412,4.26406672200144e-05,39348.2071165994
0.865173044487706,0.896596028152143,1.77212770655741e-05,31251.8274428187
0.987933706219115,0.706505354512264,6.57027279325931e-05,28780.9418366468
0.910389204553692,0.950630526877309,3.87296315455479e-05,43916.5004282208
0.936866442292279,0.813755424092208,4.33660308600028e-05,32211.1699257523
0.941918013947961,0.764775799321064,4.91169236165296e-05,30046.5704202791
0.947387946406937,0.863212544096661,4.42347477689201e-05,35564.4923841064
0.884523891109459,0.921013227010375,8.57976646744435e-06,18521.9869378809
0.862526543294025,1.00983920160459,1.12467968520356e-05,29455.1021648852
0.914287046339189,0.821743478897005,9.35708641639008e-06,18316.1684100523
0.878831212320392,0.918759110744757,3.14917208146145e-05,39858.3701293681
0.904666840966114,0.985636733475333,5.21557325389874e-05,50151.7730511955
0.918120316826132,0.925673120791658,5.45192863994701e-05,42934.1567693448
0.947950038645359,0.804965291365495,3.25944381285167e-05,30320.3382116106
0.939898032935107,0.63647083846274,4.74767836147362e-05,29135.136991473
1.01182995643203,0.776612385253652,7.19847424572116e-05,30707.4473980391
0.905303535633801,0.9321099423175,3.58053026767525e-05,41527.718540503
0.901990451337205,0.856112803281093,4.90741879306649e-05,36256.118597423
0.916541188877669,0.824033210060808,2.77173557760372e-05,30684.3650233437
0.884144337374773,0.829942134889387,2.19946925293605e-05,29497.6526373573
0.888191619238489,0.980474773871498,3.19597871289113e-05,46150.2666528042
0.934198661192183,0.872160649715257,5.29776432080587e-05,37247.7915484436
0.887694502953769,0.941121484523005,1.41285264594409e-05,29755.2798621012
0.888092357021604,0.856172585884701,6.11823532156651e-05,37228.611441417
0.873394560859352,0.920787188320414,2.25962474280794e-05,36447.2650077607
0.892047201663556,0.824937036541193,1.32858840441282e-05,23154.0427723532
0.942724257293218,0.760196675674524,1.4755495058608e-05,23037.6651082677
0.882123079059753,0.926218249192034,1.03950584579695e-05,22591.7975463272
0.911081657057529,0.812284568593411,3.10519476092158e-05,30841.5533652384
0.841755792041034,0.974479210289853,1.72651124789117e-05,37654.3116080837
0.907300704681027,0.863806582254121,2.87281742009421e-05,33696.7894382447
0.969937605516959,0.780064545488647,5.50044978927158e-05,30740.0940460756
0.92252421724167,0.842610584127285,3.46092481555917e-05,33216.5720086702
0.909486015609603,0.872813865769889,1.20261438821242e-05,23034.7341995035
0.847976709092868,0.981051576160025,9.704664365587e-06,23979.8144991232
0.890608810147472,0.989704876616924,2.57832565034113e-05,44351.4045130268
0.92594550459791,0.893074287378432,5.94621908099315e-05,39707.6214764292
0.953918897395437,0.804776876868001,2.48462004003333e-05,28544.2320320807
0.825374490978537,1.03334010903434,1.17826808981167e-05,33600.1081074447
0.918024770010733,0.863078131693765,4.86218472008621e-05,36488.8223798092
0.927467035419322,0.778628450516673,2.40472198572977e-05,27532.3828009772
0.852371018253107,0.971581992951337,1.48788991973532e-05,33896.666517344
0.891681199909673,0.91635998922307,2.13591970884538e-05,34883.625105856
0.859839014486625,1.0497048870752,2.78489209393494e-05,53969.8276775119
0.920173333757673,0.889302929947145,7.53507489566982e-06,15955.7624121062
0.951750350205218,0.821653705962522,4.76777850714822e-05,32838.6367859802
0.854771597795438,1.02284449531752,1.42407543536431e-05,37181.4700013278
0.928194649532791,0.908776284532154,2.35298858297736e-05,34721.4252686451
0.937279764708834,0.698698858228854,4.1776312531192e-05,28172.0602556211
0.895674630130792,0.876853052874814,3.45895738995871e-05,36342.9284693571
0.83082036089602,0.942571401364072,1.55737600861383e-05,33105.1959900741
0.936300489741639,0.787676859769289,1.86762728063664e-05,25728.2318954105
0.839003962256943,0.979500755804006,9.99146298891396e-06,24820.1971789981
0.863696103999295,1.04757897572691,6.22109922276755e-06,15780.4847621396
0.883141224919465,0.882930990144771,2.42779115001926e-05,34026.1922345851
0.895541431485114,0.905243455334876,3.15129360197667e-05,38149.0583151832
0.885184600600434,0.925271967849499,2.53652749131177e-05,37993.6538322985
0.903748346941645,0.914924051658588,2.93482207284995e-05,38166.0224039239
0.890244917563975,0.917232521364895,7.85197123337453e-06,16872.4729334809
0.962977739560592,0.7403515364072,6.03250191412584e-05,29449.1945976126
0.882575239855374,1.00313533190844,3.19940237388289e-05,48993.7328919579
0.990501038930769,0.614243091822288,5.64935553859945e-05,30090.8824954024
0.83040086109011,1.10249135243755,5.20245789772542e-06,14821.1339244045
0.845162552718517,1.04302135284319,8.99393880660458e-06,25253.6756578568
0.949100868508586,0.786678988368731,6.30536348293782e-05,31510.3192989049
0.864466033543169,0.953350961898584,5.26335060092683e-06,13557.4180371689
0.906025501554448,0.877859000217243,2.34196771462651e-05,32825.2738900118
0.89420093274172,1.05474852998393,2.60919254379114e-05,51855.1889577448
0.912477191905582,0.937424741937072,2.17350157285998e-05,36335.8949948849
0.930289718582995,0.812890195791095,6.26422087835787e-05,33255.6444382072
0.908155438573571,0.886441852880638,1.09060128524225e-05,21831.7979472375
0.924646558504328,0.885443381968838,2.73707738233769e-05,34582.4689027492
0.836850511083714,0.897401901313309,1.32433177066541e-05,26687.6325537342
0.879823388664349,0.898972452804047,1.35803556589009e-05,26622.2528274418
0.906971942772591,0.903339763390435,5.06031179564112e-05,40605.0915427635
0.88845709103467,0.893439253294032,2.28833380674211e-05,34053.6753253319
0.847460638227965,1.03549534985615,1.23590822461308e-05,34530.3798363537
0.971845752300266,0.843962574335122,2.23779337590758e-05,29355.7593854965
0.909608662441258,0.943619538466103,2.3739870619268e-05,38138.6303804929
0.899340646777421,0.846813016380642,4.2587573527359e-05,34980.0285203592
0.881196168327837,1.06465906917541,3.44942883107986e-05,57867.7955750651
0.865019275123799,1.02419191953924,1.59478133959317e-05,39820.3322311578
0.911179976668837,0.766464440783697,3.06776604237363e-05,28676.4234774575
0.871598027658116,0.997676088263492,3.68434561875397e-05,50332.7955477489
0.896688518478805,0.909620516182818,2.18638115341764e-05,34553.0328326084
0.98687846176922,0.751649174468012,3.79953491302848e-05,28601.7616722633
0.851148125783562,0.958151895799294,1.83696521045373e-05,37081.2500199874
0.980338000800597,0.728902539292748,5.51000943895046e-05,28941.1304102608
0.884716917497249,0.894808661957781,9.89257886098103e-06,20469.6549104491
0.968045511635476,0.726007204834631,5.94356663370601e-05,29043.0483252748
0.876595168297342,1.00787690720991,2.45465270999145e-05,46139.8721270214
0.92397359210764,0.883085933298466,2.82638371703815e-05,34703.6666888953
0.843348260808219,0.994026549893531,1.49041227533262e-05,36113.6601756761
0.914570447411609,0.878152782099669,2.60129669062048e-05,33749.3288521374
0.971150913617235,0.770844472002139,5.66266421931364e-05,30380.4719414872
0.881345741204395,0.909709993833461,1.45620938460571e-05,28476.9543322565
0.878632983510802,0.948360428304999,3.26839636968879e-05,43224.4899221292
0.825312563112315,0.977495630928807,2.57761696495329e-05,45496.171860481
0.906991215710664,0.897349242878692,1.2737193038503e-05,25042.5073784102
0.921704924414313,0.951869888887983,2.98512206430757e-05,41305.9821023646
0.878445291013822,0.883358804138222,2.74213701220615e-05,35388.862091387
0.94804943106472,0.811345073915319,3.44668767221918e-05,30941.0916473124
0.872469559339486,0.968026046054857,1.83435030872537e-05,37313.9584555743
0.936014215029843,0.763358792187697,1.93397497914677e-05,25461.2026251351
0.934527944138385,0.805251133157507,6.58591790105513e-05,32808.771565541
0.999030415674577,0.712341685801121,6.88214773624422e-05,28868.2440764928
0.938516208340175,0.858609685335372,3.20143638706884e-05,33586.4567167156
0.943581662318123,0.747116261792361,5.35958916488619e-05,29573.5145680687
0.857201578885694,0.938379577760306,2.45010143828915e-05,39565.3325962999
0.910388436460912,0.985716838068767,3.06525907882731e-05,45444.3193358172
0.87652548343369,0.960411514588615,2.26071685574934e-05,39951.0793678572
0.869267626461499,0.915627362489584,1.08601863452889e-05,23190.9290811803
0.881175328249234,0.990881300528233,5.94502259177301e-06,14138.3485380175
0.910757634443092,0.809215583455648,1.83205129711007e-05,26416.9469324381
1.0113984715346,0.710682818999754,9.04854873857043e-05,29025.0740379155
0.855127715304261,0.920356774925754,7.17993154994911e-06,15650.6553027376
0.832226139516347,1.04585720413905,1.92608398407961e-05,47943.3215226248
0.897537744077268,0.809828868956048,2.7679859427946e-05,30127.5827127547
0.870314553924078,0.913894164797128,7.93865414142464e-06,17049.7183341309
0.904708082850172,0.907014746829683,9.598616444881e-06,20144.274684818
0.898694307254739,1.01836693287343,5.34543314266558e-05,54731.7436482877
0.837697373882648,0.958966124044841,2.26008891841192e-05,41070.4447186505
0.887573271049515,0.864756903593212,3.81789972510795e-05,36103.007226432
0.935404687107008,0.808905975549727,3.95678334169169e-05,31585.8974054649
0.900620243292531,0.990024451847682,4.98932127548579e-05,50583.323913682
0.921523447967252,0.824849510871586,5.98443278393585e-06,15466.0951120512
0.841026365424345,0.988971280889269,9.09179848462615e-06,22754.2018841269
0.838117091538035,1.0933191973258,2.00781783754032e-05,54529.2730743527
0.934640063909606,0.812677129204823,3.86462708936809e-05,31711.8007877059
0.844639283973959,0.917158664550907,1.80644563356145e-05,33505.2820063567
0.938223858265341,0.787288581129066,4.81263494187184e-05,31056.1538977505
0.92927480058984,0.864278565841475,4.81533964120688e-05,36333.0200621629
0.870293104127946,1.06179340577634,2.64100755899098e-05,54144.3378771647
0.863672073445992,1.02124422930635,9.75023157028841e-06,26053.5380180149
0.81989734566649,1.09876246474073,7.90563599707956e-06,24762.1413784
0.889708096182928,0.884016336300651,2.2101458113467e-05,32919.9913795317
0.86901652642966,1.04764133205863,2.3380510238397e-05,50295.2186515786
0.915734442989089,0.866944336887008,4.78922814715603e-05,36800.9182674448
0.856550617634145,1.07995644769482,3.00462673402864e-05,59470.1148364447
0.874519497939464,0.931959784000674,9.74593120112209e-06,21518.2231952271
0.869703709047338,0.950096731820385,5.22503836805327e-05,47142.1036127886
0.867755830412993,0.961146831591276,1.7301994442623e-05,35745.6816824374
0.951108210371033,0.735233934347079,4.02324491615539e-05,28533.984649458
0.863751653969921,0.937633345226419,1.86822492810347e-05,35251.3609757079
0.891567659582329,0.967423851926598,1.09272572374432e-05,25560.8090425204
0.995237205371113,0.753735830913682,5.9861650297048e-05,29679.3888257185
0.889676920353503,0.886476945805143,2.41657652966411e-05,34114.8391819731
0.867722053829151,0.995568236896308,8.31942441788001e-06,20411.0724756237
0.879988856073234,0.965661696899613,9.26099302813431e-06,21662.1919784248
0.9978674063878,0.746878980658181,6.34563503472437e-05,29535.1048730327
0.914068908960562,0.832315662254753,1.59135098811678e-05,25637.6586438793
0.920650254189417,0.860531689914441,4.61579569348079e-05,36021.9732579097
0.859146251442467,0.958889166251924,5.80761898814531e-06,13777.5857516043
0.873530035145604,0.983892317250619,1.11045856553692e-05,27205.5608840152
0.910094042197691,0.826266243456624,2.03462814154989e-05,28229.6792899379
0.90536770101921,0.831368922516875,5.34455433889198e-05,34529.7930023127
0.930026005954484,0.752988561193493,3.56510153463719e-05,28739.4080919684
0.919209898168172,0.772872933886426,3.77647891314989e-05,29770.3819013921
0.936011703980299,0.88094871572734,5.49222223390564e-05,38102.3454880214
0.863753760178818,0.945342205102928,1.3472444165229e-05,29498.6002864153
0.951230098636725,0.840291119434458,6.77734608472612e-05,35028.3536953806
0.940591030265548,0.810005436592596,6.38329553481164e-05,32974.5407375221
0.894358944005695,0.884313362622329,1.65706043651407e-05,28936.5646135861
0.844159684336118,0.989987140287638,5.94187390494678e-06,14215.5303636646
0.870953092491807,0.931507474867197,1.83001364749784e-05,34226.3835786695
0.909872516685426,0.890462777582167,6.10934572828979e-05,39920.9486204603
0.86843906613314,0.983754123674012,9.86422782048807e-06,24223.7612416971
0.882111606041574,0.893712792670292,1.71831607688322e-05,30269.1582938902
0.9390238812654,0.791632786385856,4.05550591509068e-05,30719.0309861088
0.921612464350402,0.780628881113891,6.13238330890037e-05,31417.4115702336
0.810509137805741,1.08109816766982,2.33371570461586e-05,57854.3515922602
0.942963926982883,0.747684680851982,3.67419100138358e-05,28611.2615681648
0.854530549110324,1.07265720655686,2.63849566321685e-05,56425.067458796
0.851896446948342,0.979753118986392,6.75196121588605e-06,15708.8005041043
0.880837976982313,0.89815216139106,2.52873134252889e-05,35732.079245524
0.907682158036412,0.848295897464681,3.86001483175132e-05,34471.8912973474
0.92177964427464,0.91137583538827,3.95796977706133e-05,39749.1816516112
0.886509097282469,0.87451386626217,1.97236267471685e-05,30926.751516967
0.886576425103743,0.996061944617797,1.7765374477585e-05,38809.3170794351
0.864296297340204,0.944972336820047,8.34564556923065e-06,18755.8589751666
0.891598777056791,0.973889296757347,3.50065212257664e-05,46228.6596749663
0.870808374292606,0.878621206639103,7.90533043146841e-06,16498.4682194527
0.850840965583118,1.0326322733104,2.05671700337651e-05,46919.5515293029
0.886624887633591,1.01065195655502,4.55883510408224e-05,53181.8921863519
0.871099609696978,0.941771772380852,6.38999112551527e-06,14443.0557851422
0.962487334591577,0.836189504019088,6.12930014493169e-05,34350.4699746033
0.885111865269657,0.93113396443732,2.66982094915957e-05,39135.2837582514
0.90018857115106,0.916264544396479,8.43601876458977e-06,18037.8662509613
0.901218282402983,0.901953743152926,1.5405214957589e-05,28687.1558343743
0.856704837591185,0.981145316819523,2.94765576179969e-05,46474.6563291935
0.94084666404117,0.778059236260412,2.43643154645156e-05,27511.1723769016
0.871790958613123,0.942537194354128,7.50224358338079e-06,16634.4818329993
0.895714899595906,0.869691320005657,1.96562040127728e-05,30426.9936539179
0.857903956995453,0.97696211549616,2.0581700315616e-05,40674.5162694207
0.871698538704618,0.981455595664387,2.57406891729548e-05,44134.7088160022
0.925718514913115,0.828384283359556,3.98439218188888e-05,32936.5228172232
0.85788412564374,0.941216331336171,4.14067660859612e-05,45126.6436240696
0.87976456035276,0.884221873846331,1.10226276389173e-05,22152.031628728
0.94430775863943,0.824732377425265,8.39509722972359e-05,34334.5696040517
0.876404535903611,0.850601713632203,1.99770360816813e-05,29761.7728956303
0.889551838213854,0.899764433249405,2.155682161558e-05,33776.1057463989
0.865088993967538,0.931917852911254,3.70782392516489e-05,43022.4226074982
0.914425453824759,0.887966557747025,2.87863477384321e-05,35442.5023683086
0.902244900281083,0.8594749005379,1.12033271188513e-05,21511.8370049549
0.893814159824163,0.906985636834594,6.92981258609518e-06,15074.4223533386
0.903062092695761,0.89002598996893,1.67209793697603e-05,29276.9357432869
0.936188693354357,0.870887069333393,5.57178801517733e-05,37263.5992710404
0.881788418464412,0.833702969408024,1.84424799666573e-05,27833.7331535004
0.906114932784719,0.921883531021552,8.61644111753614e-06,18521.5492112054
0.931816472958612,0.900704906354275,4.26700716823404e-05,38923.1269206545
0.884552754178386,0.959368898710476,1.71552159097972e-05,34988.4404757967
0.893470353538002,0.845889990633661,1.42517317779649e-05,24836.3582477083
0.869151389430881,0.965903994926484,3.85830216509634e-05,47029.3460902901
0.831303221583093,1.06387810438316,1.19054585958128e-05,36337.798808612
0.903963545528611,0.81128122862189,1.00480018779751e-05,19150.5202136336
0.897531733177447,0.890088543613566,8.48825693003983e-06,17656.4597818367
0.85679134336087,0.905714773872953,2.23443051009636e-05,35450.6766897137
0.893297869423587,0.858833734412548,2.54440478230696e-05,32538.274070864
0.869478444896575,0.962615514908651,3.24778665401806e-05,45011.928496936
0.887936886742309,0.89266065266988,3.51618820784601e-05,38037.3654942356
0.860802124391749,0.94197851565609,1.66039609784459e-05,33569.9253697279
0.988138802059853,0.769366044486815,8.24928885372603e-05,30713.6163637
0.858434058820909,1.08286380845354,9.35855228951878e-06,28760.8549496953
0.890754714823828,0.902912961251493,9.715281260688e-06,20334.0521210526
0.888214017343491,0.87565449733015,1.48819895603345e-05,26870.2493751484
0.92081167696374,0.833201265785222,1.00253694789976e-05,19297.008575158
0.869125802665787,0.876799073761784,3.12398620142985e-05,36175.540123598
0.89318186514912,0.93814570085459,5.31101351933888e-05,44985.8316746401
0.852993237769186,1.04466464230835,2.66057910753659e-05,52932.3679521906
0.921428908837614,0.821865864028459,1.05610147207904e-05,19869.1354319956
0.901479771530513,0.824103544378084,1.02114929071801e-05,19467.0972754248
0.926444602222209,0.882574191525517,3.87400815101484e-05,36886.0180842029
0.940577051038577,0.808420289876215,1.38083842632039e-05,23013.5087883917
0.856705050942487,1.06095605474354,1.42398221637663e-05,40706.3326443431
0.882209844252933,1.0029829770575,2.9435713768762e-05,47951.7479266595
0.922894660967197,0.817216908199008,3.89125853832338e-05,32161.2280720253
0.84553301770144,0.980582649023359,5.19673621292689e-06,13485.7578911594
0.88445522520355,0.916719947247243,1.34056981508954e-05,27280.6074537253
0.86893084260834,1.01364863746699,1.66545349658687e-05,39681.4155804634
0.93625326055368,0.795159859569625,7.60390363719921e-05,32394.8802043483
0.839152597071964,0.984162904446881,1.96933713141752e-05,41268.2731542494
0.862254048001887,1.00143401167933,1.47183155078319e-05,35880.7984291793
0.908906445089948,0.868348997657456,5.65605184719288e-05,37647.8423538655
0.853109606172107,0.972635576591477,3.18923267244768e-05,46567.9385991283
0.842049047170231,0.977083219923444,7.48539213567404e-06,17603.2918314889
0.839697534683055,0.926491589279197,8.55982666649787e-06,18901.5004748236
0.897493990913507,0.833936396313495,2.96585645374229e-05,32028.6626472096
0.894961657348098,0.937476815700162,2.50451676517506e-05,38671.7855169714
0.912879273636461,0.887314892640552,4.70025468475936e-05,38592.3456573059
0.891125618715237,0.995696034226317,2.91736900270214e-05,46656.0144466225
0.869872452293826,0.985287671669757,3.98175438333613e-05,49588.2156518246
0.879616021502185,0.95688659338081,2.78951152746138e-05,42339.000423464
0.827868148517119,0.927399075014952,1.13527679840151e-05,25269.8913336253
0.849356165644551,0.982367359305021,1.8728127928383e-05,39775.0760629325
0.937049376915975,0.808940457835854,3.22101405625017e-05,30573.2282348556
0.808539026335414,1.09297653799391,8.10675355020944e-06,25564.5175906652
0.937284829520455,0.833374338262264,4.17787161938939e-05,33309.0371742885
0.915744895273517,0.803866227497213,3.2210756044644e-05,30544.5375864556
0.909146984278133,0.937921632579982,2.36961753114728e-05,37627.2487664684
0.91448629338584,0.848390305951302,2.22649181194135e-05,30257.7942694361
0.859363811827422,0.946615700521773,1.72584401843852e-05,34704.6942998902
0.85936664286722,0.987870172603166,2.78761084729852e-05,46415.0354021811
0.897669207491548,0.789690422127552,6.52510165239899e-05,32291.5817522075
0.885022186249968,0.926141346432085,3.3894753795273e-05,41065.2336321319
0.838815580468831,1.00608727089486,1.13113374941219e-05,29925.3892074039
0.833595217405528,0.922435658405101,1.14555044531101e-05,25115.1792105959
0.923915116492505,0.78794632602097,3.72847212979686e-05,30358.0464389532
0.873882092086782,0.937245146506056,3.09873109506073e-05,41690.8071717888
0.834318126655427,0.944574131415781,3.5382698296625e-05,45105.4828582379
0.935056266559007,0.767481764137249,5.1045761425344e-05,30302.7563867474
0.83556237563286,1.0104220760314,2.40062953279455e-05,47808.36466973
0.913922310877324,0.874139121710064,4.80164565021004e-05,37470.6862033655
0.893899763090434,0.87881132806157,3.39961944867626e-05,36429.9628822746
0.877324811891983,0.943123820970042,3.14269415120971e-05,42328.2623641127
0.822248983717406,1.10089253457788,7.91119183958641e-06,24856.5054367906
0.907372939697544,0.906813172735925,5.63185773639787e-05,41364.007647003
0.865809536615259,0.883094887218146,8.95226741699773e-06,18488.3209810313
0.930538720464609,0.86560883458727,8.59939748355002e-05,37863.7685563894
0.891605512519495,0.979480009499273,1.89471427519062e-05,38371.0382085495
0.922573505289834,0.798890386120023,2.20423378473946e-05,27645.0399932963
0.847739935648661,0.917334098935712,9.75469409666896e-06,21234.2818773759
0.827995538201149,1.02387194915251,1.40672589150081e-05,37869.161601255
0.906889331392109,0.838007222564494,3.59535045656814e-05,33360.6559776055
0.911793680457739,0.781032757114182,2.24038311069438e-05,27212.7299892569
0.923369780966319,0.811886884364132,3.91430037822607e-05,31859.0823698587
0.853617250420082,0.924761528113935,1.16247410126477e-05,25255.1779127508
0.86986674586485,0.912000671688575,1.79646892198553e-05,32460.6093504941
0.869696635885403,0.916078349082474,2.65495218199957e-05,38111.9182964157
0.82267850363633,1.02248301973834,8.06670077233687e-06,21345.2925112474
0.88500707908917,0.882979162999175,3.79050394594136e-05,37711.8512678584
0.889473024717895,0.896812932354655,3.1640832556864e-05,37568.293770716
0.889840127793118,0.871223019180441,4.3565517509068e-05,37302.1001752456
0.856396450848479,0.955533716432473,2.12189925533544e-05,39139.6744431708
0.876358685838323,0.937352284864161,6.53721488752331e-06,14639.8677706531
0.861607078501709,0.989375674159488,1.61069403916799e-05,36914.7760099598
0.875749047003161,0.980881691907762,2.13482301799401e-05,41075.6524668708
0.89039189298603,0.9356544338888,2.26300960568494e-05,37305.3039855662
0.876000276138107,0.973734049053833,2.26877159922056e-05,41322.8288499503
0.877732521660598,0.922866803366336,2.13874683022835e-05,35761.069893446
0.877382541687272,0.910781837412297,1.72479932146267e-05,31556.1147242131
0.879852551927264,0.926263206508558,2.9165846640451e-05,39801.9287225793
0.866613111258597,0.966759938691392,2.81950442402458e-05,43951.483697502
0.900790429560531,0.859364147720046,1.40031071976555e-05,25039.0758038826
0.896736935034315,0.868778652818669,7.51237708158057e-06,15828.3527069219
0.828783717358339,1.02988215869255,1.25674530130188e-05,35149.0757605107
0.874289522612051,0.929114683863357,1.26457758385701e-05,26961.533304219
0.911997768262566,0.947416874152406,4.78355670033542e-05,44909.3119883656
0.832974062065916,0.962981436972802,1.7487053640342e-05,37129.3466973511
0.858397082706275,0.961520180432117,2.54611571134571e-05,42351.854329724
0.812284737525658,1.02959697724977,1.11713558980963e-05,32040.9825204134
0.844652673496008,1.01191756635576,4.14464837331199e-05,54524.4398775709
0.891808481593076,0.925961599458149,3.39399826030799e-05,40860.8384283563
0.882476274125464,0.859306938252589,2.50890180096691e-05,32627.4161292141
0.8535191202466,0.95352417993827,9.35634974780351e-06,21694.1695310229
0.828481618523465,0.992202890806038,6.60103382213373e-06,15730.1183359588
0.863358045926332,0.941070733029632,1.10637279560293e-05,24876.6929590975
0.848070632876136,0.949703886971344,8.11266145661647e-06,18429.9151129145
0.794720304882494,1.06155375458471,6.94369951723699e-06,19383.1914539221
0.822504373222396,1.0633148330735,1.82090716937286e-05,49195.0979997988
0.916371554640835,0.893283652150543,3.91023657653727e-05,38107.9402935767
0.857018681906578,1.04278046534838,9.52577303221445e-06,26785.6901076733
0.937771005241084,0.852745226716914,5.63695486458166e-05,35774.9170596798
0.884539724443654,0.905518776997485,3.14110432410788e-05,38425.1605881036
0.827706246957812,1.05027628777567,9.51459756039555e-06,27899.3629387248
0.855289681661818,1.07470130814815,6.35848765761747e-05,66265.666073155
0.882650153329996,0.887975244321814,2.16074946401409e-05,33073.4342763614
0.829418807161748,0.92490181675867,3.23754189470933e-05,42262.7228933687
0.855064683662625,0.951195840989767,3.13331302605277e-05,43891.4719956768
0.907904792147242,0.843414865619805,1.52057445584454e-05,25524.1658664675
0.851392771291132,0.929046387650118,1.55527754992028e-05,31562.0260952171
0.913233650889115,0.895450667626925,5.29302758548002e-05,39845.3150275987
0.918420427328594,0.940850747731268,3.64789687069267e-05,42180.2536511386
0.832986931971694,1.01529539445287,7.19830464608788e-06,18034.5944073672
0.878768874185018,0.825506448962494,1.18693736202808e-05,21652.1543218187
0.854338105122787,0.957632170673128,8.94951751510087e-06,20814.1445865169
0.898758098090497,0.87692976927296,6.64232263812435e-06,14742.9462401092
0.890260574222842,0.933625055096022,3.31946951914487e-05,41480.4661029613
0.869492538473119,0.966494085591905,2.47183594716499e-05,42074.9880814486
0.87092328229565,0.930731638944708,1.49598151704809e-05,30519.7108342418
0.868391467607273,0.91512111732158,3.707397048457e-05,41141.8622535662
0.82885956432173,1.07355091484438,1.24231580340923e-05,38728.1591785829
0.841602632982577,0.967682123844516,3.01239659318721e-05,45790.2659380882
0.874411081305872,0.905553228954773,1.19052516028636e-05,24522.2061268894
0.915578158478812,0.88168749469748,5.3736927216603e-05,38540.9969384115
0.878793109310652,0.825923153638771,4.84102088153292e-05,34252.2495673284
0.874201792224577,0.921668533382014,5.10063394133204e-05,43531.7408142454
0.9092711629776,0.869176034856463,3.2925801496924e-05,35095.2020891884
0.960050896064161,0.787423729346426,5.06131014888215e-05,30988.1028012546
0.808258357534771,1.06446340917686,9.50499575091954e-06,29349.1059414454
0.794844456138463,1.04030467830407,1.13821279257902e-05,34065.7794372989
0.913694267813244,0.903495277373814,4.01163626501432e-05,39277.2432747343
0.888799015512685,0.920571744710874,4.02511263945292e-05,41679.7033723155
0.834592276226306,0.941332962323608,1.20493310145791e-05,27309.7678197094
0.869305625644888,0.934434668579776,2.77962639294982e-05,40375.8071966338
0.889190040487928,0.890718474280474,2.06705790349144e-05,32582.2136333095
0.960421965310102,0.783455177626071,6.35713279933057e-05,31254.1043120851
0.917459869950614,0.810901278935202,6.87795405140288e-05,33466.5844060803
0.886611447369084,0.908187536802119,2.76466423343785e-05,37400.2941986226
0.916743220272024,0.814965736964837,2.2819493662011e-05,28684.5426300637
0.89397824302615,0.869953450585824,3.31097037053401e-05,35501.2452998718
0.874315306925114,0.938201559430422,2.68433546147521e-05,40179.6762990522
0.85303831729525,0.974274441088222,3.70266065074678e-05,48282.5828083531
0.913734445113218,0.848145136190885,3.64158742787395e-05,34043.0587906798
0.876328956919691,0.989688096992787,9.35355116673179e-06,23022.7909569558
0.954223182549423,0.79084650612146,3.42828230913022e-05,29841.5659465955
0.85330555271723,1.05156131160367,6.44311513198845e-06,16610.8616062105
0.941808259167261,0.860133583968666,4.51322506451323e-05,35508.4059218501
0.834964486596597,0.991921563442083,8.73801847462551e-06,21932.464935109
0.90999538059977,0.849920214982139,4.23584249997673e-05,35005.3402612571
0.883753842921346,0.893701277658914,1.1380088933191e-05,23056.4247813222
0.836937908104591,0.984596172876566,7.58851831517883e-06,18165.9038074985
0.847138139886131,1.03722859057544,1.22210015635755e-05,34349.5950261675
0.91560387665627,0.852900059663197,5.38866806490313e-05,36052.1905099347
0.849855025318734,0.919180026349638,8.17302934679038e-06,17751.7854905443
0.972018564355216,0.764000459750341,5.64475101310076e-05,30090.4969912136
0.874249049162244,0.94014847437075,1.98363942466014e-05,36172.4644962985
0.889141581767168,0.884302137764139,3.68683478758862e-05,37562.2947428919
0.864520190392806,1.0031300106144,3.35178326637989e-05,50301.5211526428
0.870913138281329,0.884366243959462,1.75751906674598e-05,30215.8736478229
0.847186943464525,0.970833850963569,6.04537165858816e-06,14174.1365530388
0.902779870501988,0.7937474185365,5.19597041374301e-05,31995.5404556049
0.863223116970168,0.961127213582168,1.61514343031994e-05,34504.8949524105
0.932217927234518,0.85055515360282,4.00387941774008e-05,34403.9826077981
0.819002926894803,1.11038663369862,2.19038670569069e-05,60096.4496895749
0.829762159132466,1.06126177144041,9.53378683719498e-06,28659.5830344106
0.879804381727914,0.981655761577362,1.45710237817634e-05,33514.4018454994
0.882629250195263,0.965395846637017,4.22000471169668e-05,47177.9191830762
0.852795763869058,1.09246033198836,1.29893217855655e-05,41081.507611938
0.822911024997056,1.04185962284582,2.62533335279868e-05,53910.0922085379
0.857490874331807,0.918053117728002,2.2903056991719e-05,36802.9113714804
0.824541787027263,1.02622103938953,6.57749949476589e-06,16548.6424167249
0.880675104425524,0.772832416449889,6.88881656056657e-05,31616.0160084481
0.881192791358095,0.966944460303703,4.12049043808197e-05,47233.984602179
0.862529968078021,0.887412763612375,2.14260607151629e-05,33336.8916865875
0.872759311843129,1.02939167482828,5.64774544075354e-06,14119.5542350929
0.833126825964619,1.00677817219396,7.65769035792989e-06,19186.8357829172
0.845835069595376,1.00392936024268,9.50647128503264e-06,24675.1566772036
0.870361297871405,0.953575555017582,1.73687464612536e-05,35111.274165546
0.835365851115833,0.974244115999093,1.24469165609122e-05,30279.9711268323
0.832084413921125,0.953114211507581,1.11612765558161e-05,26257.7512975717
0.857643667074798,0.974900814817921,2.76706120980013e-05,44926.3310207787
0.93495031633069,0.818035847325838,7.51286358820757e-05,33849.5668155593
0.922977739077859,0.827218119965857,2.64995757626072e-05,30449.3120967775
0.914811071359906,0.840565782452619,3.75584875833338e-05,33647.2210392513
0.881767017694177,0.92874267320544,2.55223835568293e-05,38472.309550094
0.945625007675342,0.788302266195749,5.14377522033184e-05,31208.2937736563
0.91221838140416,0.84660911940822,3.27517888061723e-05,33320.6227714199
0.901237737200637,0.922585323618298,1.771347951622e-05,32345.6379949654
0.856081086684889,0.922030754160647,2.15068417291513e-05,36322.2637494724
0.893316614319099,0.75127449875594,5.77586823409606e-05,30220.1266657909
0.879268055475675,0.906839531660033,5.80839482804875e-06,13920.056751515
0.846962571433164,0.98142277526241,3.69564724120552e-05,49395.096413807
0.892280385194217,0.920389178165358,5.13979518770788e-05,42871.294598216
0.821708409707095,0.94831475540044,5.82403019436885e-06,13783.7614619447
0.915344395169543,0.808443090837232,5.2617839987102e-05,32763.72510213
0.915452246634961,0.86056882534766,4.24207184149728e-05,35752.0447676489
